url_abs,asignatura,asignatura_url,position,scraped_at
http://alojawebapps.us.es/centrosdptos/pdi/pdi.php?pdi=5004,Dirección Estratégica,http://alojawebapps.us.es/centrosdptos/titulaciones/asignatura.php?codasig=1510036,1,2026-05-10T08:55:35+00:00
http://alojawebapps.us.es/centrosdptos/pdi/pdi.php?pdi=5004,Trabajo Fin de Grado,http://alojawebapps.us.es/centrosdptos/titulaciones/asignatura.php?codasig=1510048,2,2026-05-10T08:55:35+00:00
http://alojawebapps.us.es/centrosdptos/pdi/pdi.php?pdi=5004,Trabajo Fin de Grado,http://alojawebapps.us.es/centrosdptos/titulaciones/asignatura.php?codasig=1800048,3,2026-05-10T08:55:35+00:00
http://alojawebapps.us.es/centrosdptos/pdi/pdi.php?pdi=5004,Estrategia y Organización de Empresas Internacionales,http://alojawebapps.us.es/centrosdptos/titulaciones/asignatura.php?codasig=50850004,4,2026-05-10T08:55:35+00:00
http://alojawebapps.us.es/centrosdptos/pdi/pdi.php?pdi=5004,Proceso de Internacionalizacion y Marketing Internacional,http://alojawebapps.us.es/centrosdptos/titulaciones/asignatura.php?codasig=50850006,5,2026-05-10T08:55:35+00:00
http://alojawebapps.us.es/centrosdptos/pdi/pdi.php?pdi=5004,Trabajo Fin de Master,http://alojawebapps.us.es/centrosdptos/titulaciones/asignatura.php?codasig=50850021,6,2026-05-10T08:55:35+00:00
http://alojawebapps.us.es/centrosdptos/pdi/pdi.php?pdi=18249,Introducción al Marketing,http://alojawebapps.us.es/centrosdptos/titulaciones/asignatura.php?codasig=1510008,1,2026-05-10T08:55:36+00:00
http://alojawebapps.us.es/centrosdptos/pdi/pdi.php?pdi=18249,Investigación Comercial,http://alojawebapps.us.es/centrosdptos/titulaciones/asignatura.php?codasig=1510043,2,2026-05-10T08:55:36+00:00
http://alojawebapps.us.es/centrosdptos/pdi/pdi.php?pdi=18249,Trabajo Fin de Grado,http://alojawebapps.us.es/centrosdptos/titulaciones/asignatura.php?codasig=1510048,3,2026-05-10T08:55:36+00:00
http://alojawebapps.us.es/centrosdptos/pdi/pdi.php?pdi=18249,Investigación Comercial,http://alojawebapps.us.es/centrosdptos/titulaciones/asignatura.php?codasig=1860061,4,2026-05-10T08:55:36+00:00
http://alojawebapps.us.es/centrosdptos/pdi/pdi.php?pdi=18249,Introducción al Marketing,http://alojawebapps.us.es/centrosdptos/titulaciones/asignatura.php?codasig=2610008,5,2026-05-10T08:55:36+00:00
http://alojawebapps.us.es/centrosdptos/pdi/pdi.php?pdi=5725,Administración de Empresas,http://alojawebapps.us.es/centrosdptos/titulaciones/asignatura.php?codasig=1780001,1,2026-05-10T08:55:37+00:00
http://alojawebapps.us.es/centrosdptos/pdi/pdi.php?pdi=5725,Administración de Recursos Humanos por Competencias y Ocupaciones,http://alojawebapps.us.es/centrosdptos/titulaciones/asignatura.php?codasig=1780011,2,2026-05-10T08:55:37+00:00
http://alojawebapps.us.es/centrosdptos/pdi/pdi.php?pdi=5725,Prácticum,http://alojawebapps.us.es/centrosdptos/titulaciones/asignatura.php?codasig=1780044,3,2026-05-10T08:55:37+00:00
http://alojawebapps.us.es/centrosdptos/pdi/pdi.php?pdi=5725,Trabajo Fin de Grado,http://alojawebapps.us.es/centrosdptos/titulaciones/asignatura.php?codasig=1780047,4,2026-05-10T08:55:37+00:00
http://alojawebapps.us.es/centrosdptos/pdi/pdi.php?pdi=4741,Fundamentos de Economía de la Empresa,http://alojawebapps.us.es/centrosdptos/titulaciones/asignatura.php?codasig=1610005,1,2026-05-10T08:55:37+00:00
http://alojawebapps.us.es/centrosdptos/pdi/pdi.php?pdi=4944,Gestión de Marcas y Nuevos Productos,http://alojawebapps.us.es/centrosdptos/titulaciones/asignatura.php?codasig=1800036,1,2026-05-10T08:55:38+00:00
http://alojawebapps.us.es/centrosdptos/pdi/pdi.php?pdi=4944,Introducción al Marketing,http://alojawebapps.us.es/centrosdptos/titulaciones/asignatura.php?codasig=1800008,2,2026-05-10T08:55:38+00:00
http://alojawebapps.us.es/centrosdptos/pdi/pdi.php?pdi=4944,Prácticas,http://alojawebapps.us.es/centrosdptos/titulaciones/asignatura.php?codasig=1800046,3,2026-05-10T08:55:38+00:00
http://alojawebapps.us.es/centrosdptos/pdi/pdi.php?pdi=4944,Trabajo Fin de Grado,http://alojawebapps.us.es/centrosdptos/titulaciones/asignatura.php?codasig=1800048,4,2026-05-10T08:55:38+00:00
http://alojawebapps.us.es/centrosdptos/pdi/pdi.php?pdi=4944,Habilidades para la Investigación Aplicada en Marketing,http://alojawebapps.us.es/centrosdptos/titulaciones/asignatura.php?codasig=52150008,5,2026-05-10T08:55:38+00:00
http://alojawebapps.us.es/centrosdptos/pdi/pdi.php?pdi=4944,Realización del TFM,http://alojawebapps.us.es/centrosdptos/titulaciones/asignatura.php?codasig=52150014,6,2026-05-10T08:55:38+00:00
http://alojawebapps.us.es/centrosdptos/pdi/pdi.php?pdi=16741,Marketing Turístico,http://alojawebapps.us.es/centrosdptos/titulaciones/asignatura.php?codasig=1790007,1,2026-05-10T08:55:39+00:00
http://alojawebapps.us.es/centrosdptos/pdi/pdi.php?pdi=16741,Comunicación Comercial,http://alojawebapps.us.es/centrosdptos/titulaciones/asignatura.php?codasig=1800054,2,2026-05-10T08:55:39+00:00
http://alojawebapps.us.es/centrosdptos/pdi/pdi.php?pdi=16741,Prácticas,http://alojawebapps.us.es/centrosdptos/titulaciones/asignatura.php?codasig=1800046,3,2026-05-10T08:55:39+00:00
http://alojawebapps.us.es/centrosdptos/pdi/pdi.php?pdi=16741,Marketing Turístico,http://alojawebapps.us.es/centrosdptos/titulaciones/asignatura.php?codasig=2600007,4,2026-05-10T08:55:39+00:00
http://alojawebapps.us.es/centrosdptos/pdi/pdi.php?pdi=16741,Practicum en Empresas Turísticas,http://alojawebapps.us.es/centrosdptos/titulaciones/asignatura.php?codasig=2600047,5,2026-05-10T08:55:39+00:00
http://alojawebapps.us.es/centrosdptos/pdi/pdi.php?pdi=16741,Trabajo Fin de Grado,http://alojawebapps.us.es/centrosdptos/titulaciones/asignatura.php?codasig=2600057,6,2026-05-10T08:55:39+00:00
http://alojawebapps.us.es/centrosdptos/pdi/pdi.php?pdi=16741,Marketing Turístico,http://alojawebapps.us.es/centrosdptos/titulaciones/asignatura.php?codasig=2630008,7,2026-05-10T08:55:39+00:00
http://alojawebapps.us.es/centrosdptos/pdi/pdi.php?pdi=16741,Realización del TFM,http://alojawebapps.us.es/centrosdptos/titulaciones/asignatura.php?codasig=52150014,8,2026-05-10T08:55:39+00:00
http://alojawebapps.us.es/centrosdptos/pdi/pdi.php?pdi=16741,Tendencias de Consumo,http://alojawebapps.us.es/centrosdptos/titulaciones/asignatura.php?codasig=52150019,9,2026-05-10T08:55:39+00:00
http://alojawebapps.us.es/centrosdptos/pdi/pdi.php?pdi=12807,Creación de Empresas,http://alojawebapps.us.es/centrosdptos/titulaciones/asignatura.php?codasig=1510034,1,2026-05-10T08:55:39+00:00
http://alojawebapps.us.es/centrosdptos/pdi/pdi.php?pdi=12807,Prácticas en Empresas,http://alojawebapps.us.es/centrosdptos/titulaciones/asignatura.php?codasig=1510046,2,2026-05-10T08:55:39+00:00
http://alojawebapps.us.es/centrosdptos/pdi/pdi.php?pdi=12807,Trabajo Fin de Grado,http://alojawebapps.us.es/centrosdptos/titulaciones/asignatura.php?codasig=1510048,3,2026-05-10T08:55:39+00:00
http://alojawebapps.us.es/centrosdptos/pdi/pdi.php?pdi=12807,Fundamentos de Economía de la Empresa,http://alojawebapps.us.es/centrosdptos/titulaciones/asignatura.php?codasig=1610005,4,2026-05-10T08:55:39+00:00
http://alojawebapps.us.es/centrosdptos/pdi/pdi.php?pdi=12807,Prácticas,http://alojawebapps.us.es/centrosdptos/titulaciones/asignatura.php?codasig=1610045,5,2026-05-10T08:55:39+00:00
http://alojawebapps.us.es/centrosdptos/pdi/pdi.php?pdi=12807,Creación de Empresas,http://alojawebapps.us.es/centrosdptos/titulaciones/asignatura.php?codasig=1860054,6,2026-05-10T08:55:39+00:00
http://alojawebapps.us.es/centrosdptos/pdi/pdi.php?pdi=12807,Prácticas en Empresas (ADE),http://alojawebapps.us.es/centrosdptos/titulaciones/asignatura.php?codasig=1860062,7,2026-05-10T08:55:39+00:00
http://alojawebapps.us.es/centrosdptos/pdi/pdi.php?pdi=12807,Trabajo Fin de Grado,http://alojawebapps.us.es/centrosdptos/titulaciones/asignatura.php?codasig=1860063,8,2026-05-10T08:55:39+00:00
http://alojawebapps.us.es/centrosdptos/pdi/pdi.php?pdi=12807,Trabajo de Fin de Grado,http://alojawebapps.us.es/centrosdptos/titulaciones/asignatura.php?codasig=2290064,9,2026-05-10T08:55:39+00:00
http://alojawebapps.us.es/centrosdptos/pdi/pdi.php?pdi=12807,Innovación y Emprendimiento,http://alojawebapps.us.es/centrosdptos/titulaciones/asignatura.php?codasig=51490013,10,2026-05-10T08:55:39+00:00
http://alojawebapps.us.es/centrosdptos/pdi/pdi.php?pdi=3299,Marketing Turístico,http://alojawebapps.us.es/centrosdptos/titulaciones/asignatura.php?codasig=1790007,1,2026-05-10T08:55:40+00:00
http://alojawebapps.us.es/centrosdptos/pdi/pdi.php?pdi=3299,Publicidad y Promoción Comercial del Turismo,http://alojawebapps.us.es/centrosdptos/titulaciones/asignatura.php?codasig=1790046,2,2026-05-10T08:55:40+00:00
http://alojawebapps.us.es/centrosdptos/pdi/pdi.php?pdi=3299,Gestión de Franquicias,http://alojawebapps.us.es/centrosdptos/titulaciones/asignatura.php?codasig=1800035,3,2026-05-10T08:55:40+00:00
http://alojawebapps.us.es/centrosdptos/pdi/pdi.php?pdi=3299,Prácticas,http://alojawebapps.us.es/centrosdptos/titulaciones/asignatura.php?codasig=1800046,4,2026-05-10T08:55:40+00:00
http://alojawebapps.us.es/centrosdptos/pdi/pdi.php?pdi=3299,Marketing Turístico,http://alojawebapps.us.es/centrosdptos/titulaciones/asignatura.php?codasig=2600007,5,2026-05-10T08:55:40+00:00
http://alojawebapps.us.es/centrosdptos/pdi/pdi.php?pdi=3299,Practicum en Organizaciones de Destino,http://alojawebapps.us.es/centrosdptos/titulaciones/asignatura.php?codasig=2600049,6,2026-05-10T08:55:40+00:00
http://alojawebapps.us.es/centrosdptos/pdi/pdi.php?pdi=3299,Publicidad y Promoción Comercial del Turismo,http://alojawebapps.us.es/centrosdptos/titulaciones/asignatura.php?codasig=2600051,7,2026-05-10T08:55:40+00:00
http://alojawebapps.us.es/centrosdptos/pdi/pdi.php?pdi=3299,Trabajo Fin de Grado,http://alojawebapps.us.es/centrosdptos/titulaciones/asignatura.php?codasig=2600057,8,2026-05-10T08:55:40+00:00
http://alojawebapps.us.es/centrosdptos/pdi/pdi.php?pdi=3299,Marketing Turístico,http://alojawebapps.us.es/centrosdptos/titulaciones/asignatura.php?codasig=2630008,9,2026-05-10T08:55:40+00:00
http://alojawebapps.us.es/centrosdptos/pdi/pdi.php?pdi=3299,Promoción y Comercialización de Destinos Turísticos,http://alojawebapps.us.es/centrosdptos/titulaciones/asignatura.php?codasig=50630028,10,2026-05-10T08:55:40+00:00
http://alojawebapps.us.es/centrosdptos/pdi/pdi.php?pdi=3299,Trabajo Fin de Máster,http://alojawebapps.us.es/centrosdptos/titulaciones/asignatura.php?codasig=50630035,11,2026-05-10T08:55:40+00:00
http://alojawebapps.us.es/centrosdptos/pdi/pdi.php?pdi=3299,Estrategias y Técnicas de Segmentación y Posicionamiento,http://alojawebapps.us.es/centrosdptos/titulaciones/asignatura.php?codasig=52150007,12,2026-05-10T08:55:40+00:00
http://alojawebapps.us.es/centrosdptos/pdi/pdi.php?pdi=3299,Realización del TFM,http://alojawebapps.us.es/centrosdptos/titulaciones/asignatura.php?codasig=52150014,13,2026-05-10T08:55:40+00:00
http://alojawebapps.us.es/centrosdptos/pdi/pdi.php?pdi=13366,Administración de Empresas,http://alojawebapps.us.es/centrosdptos/titulaciones/asignatura.php?codasig=1510011,1,2026-05-10T08:55:41+00:00
http://alojawebapps.us.es/centrosdptos/pdi/pdi.php?pdi=13366,Dirección Estratégica de Organizaciones Turísticas,http://alojawebapps.us.es/centrosdptos/titulaciones/asignatura.php?codasig=1790026,2,2026-05-10T08:55:41+00:00
http://alojawebapps.us.es/centrosdptos/pdi/pdi.php?pdi=13366,Dirección y Organización de Empresas Turísticas,http://alojawebapps.us.es/centrosdptos/titulaciones/asignatura.php?codasig=1790015,3,2026-05-10T08:55:41+00:00
http://alojawebapps.us.es/centrosdptos/pdi/pdi.php?pdi=13366,Administración de Empresas,http://alojawebapps.us.es/centrosdptos/titulaciones/asignatura.php?codasig=1800011,4,2026-05-10T08:55:41+00:00
http://alojawebapps.us.es/centrosdptos/pdi/pdi.php?pdi=13366,Dirección Estratégica de Organizaciones Turísticas,http://alojawebapps.us.es/centrosdptos/titulaciones/asignatura.php?codasig=2600026,5,2026-05-10T08:55:41+00:00
http://alojawebapps.us.es/centrosdptos/pdi/pdi.php?pdi=13366,Dirección y Organización de Empresas Turísticas,http://alojawebapps.us.es/centrosdptos/titulaciones/asignatura.php?codasig=2600014,6,2026-05-10T08:55:41+00:00
http://alojawebapps.us.es/centrosdptos/pdi/pdi.php?pdi=13366,Administración de Empresas,http://alojawebapps.us.es/centrosdptos/titulaciones/asignatura.php?codasig=2610011,7,2026-05-10T08:55:41+00:00
http://alojawebapps.us.es/centrosdptos/pdi/pdi.php?pdi=13366,Dirección y Organización de Empresas Turísticas,http://alojawebapps.us.es/centrosdptos/titulaciones/asignatura.php?codasig=2630018,8,2026-05-10T08:55:41+00:00
http://alojawebapps.us.es/centrosdptos/pdi/pdi.php?pdi=5679,Introducción a la Economía de la Empresa (Organización),http://alojawebapps.us.es/centrosdptos/titulaciones/asignatura.php?codasig=1860010,1,2026-05-10T08:55:42+00:00
http://alojawebapps.us.es/centrosdptos/pdi/pdi.php?pdi=5679,Trabajo Fin de Grado,http://alojawebapps.us.es/centrosdptos/titulaciones/asignatura.php?codasig=1860063,2,2026-05-10T08:55:42+00:00
http://alojawebapps.us.es/centrosdptos/pdi/pdi.php?pdi=5679,Introducción a la Economía de la Empresa (Organización),http://alojawebapps.us.es/centrosdptos/titulaciones/asignatura.php?codasig=2660007,3,2026-05-10T08:55:42+00:00
http://alojawebapps.us.es/centrosdptos/pdi/pdi.php?pdi=5679,Gestión del Valor para el Cliente (Customer Equity Management),http://alojawebapps.us.es/centrosdptos/titulaciones/asignatura.php?codasig=50850005,4,2026-05-10T08:55:42+00:00
http://alojawebapps.us.es/centrosdptos/pdi/pdi.php?pdi=5679,Metodología de Investigación,http://alojawebapps.us.es/centrosdptos/titulaciones/asignatura.php?codasig=50850017,5,2026-05-10T08:55:42+00:00
http://alojawebapps.us.es/centrosdptos/pdi/pdi.php?pdi=5679,Trabajo Fin de Master,http://alojawebapps.us.es/centrosdptos/titulaciones/asignatura.php?codasig=50850021,6,2026-05-10T08:55:42+00:00
http://alojawebapps.us.es/centrosdptos/pdi/pdi.php?pdi=18460,Marketing,http://alojawebapps.us.es/centrosdptos/titulaciones/asignatura.php?codasig=1610017,1,2026-05-10T08:55:42+00:00
http://alojawebapps.us.es/centrosdptos/pdi/pdi.php?pdi=18460,Marketing Financiero,http://alojawebapps.us.es/centrosdptos/titulaciones/asignatura.php?codasig=1610044,2,2026-05-10T08:55:42+00:00
http://alojawebapps.us.es/centrosdptos/pdi/pdi.php?pdi=6214,Prácticas en Empresas,http://alojawebapps.us.es/centrosdptos/titulaciones/asignatura.php?codasig=1510046,1,2026-05-10T08:55:43+00:00
http://alojawebapps.us.es/centrosdptos/pdi/pdi.php?pdi=6214,Prácticas,http://alojawebapps.us.es/centrosdptos/titulaciones/asignatura.php?codasig=1610045,2,2026-05-10T08:55:43+00:00
http://alojawebapps.us.es/centrosdptos/pdi/pdi.php?pdi=6214,PYMES y Gestión de la Calidad,http://alojawebapps.us.es/centrosdptos/titulaciones/asignatura.php?codasig=1610046,3,2026-05-10T08:55:43+00:00
http://alojawebapps.us.es/centrosdptos/pdi/pdi.php?pdi=6214,Administración de Empresas,http://alojawebapps.us.es/centrosdptos/titulaciones/asignatura.php?codasig=1780001,4,2026-05-10T08:55:43+00:00
http://alojawebapps.us.es/centrosdptos/pdi/pdi.php?pdi=6214,Trabajo Fin de Grado,http://alojawebapps.us.es/centrosdptos/titulaciones/asignatura.php?codasig=1780047,5,2026-05-10T08:55:43+00:00
http://alojawebapps.us.es/centrosdptos/pdi/pdi.php?pdi=6214,Calidad Turistica: Accesibilidad y Sostenibilidad,http://alojawebapps.us.es/centrosdptos/titulaciones/asignatura.php?codasig=50630010,6,2026-05-10T08:55:43+00:00
http://alojawebapps.us.es/centrosdptos/pdi/pdi.php?pdi=6214,Trabajo Fin de Máster,http://alojawebapps.us.es/centrosdptos/titulaciones/asignatura.php?codasig=50630035,7,2026-05-10T08:55:43+00:00
http://alojawebapps.us.es/centrosdptos/pdi/pdi.php?pdi=6214,Trabajo Fin de Master,http://alojawebapps.us.es/centrosdptos/titulaciones/asignatura.php?codasig=50850021,8,2026-05-10T08:55:43+00:00
http://alojawebapps.us.es/centrosdptos/pdi/pdi.php?pdi=6214,Transferencia de Conocimiento en Negocio Internacionales,http://alojawebapps.us.es/centrosdptos/titulaciones/asignatura.php?codasig=50850022,9,2026-05-10T08:55:43+00:00
http://alojawebapps.us.es/centrosdptos/pdi/pdi.php?pdi=6214,Habilidades para la Investigación Aplicada en Marketing,http://alojawebapps.us.es/centrosdptos/titulaciones/asignatura.php?codasig=52150008,10,2026-05-10T08:55:43+00:00
http://alojawebapps.us.es/centrosdptos/pdi/pdi.php?pdi=6214,Realización del TFM,http://alojawebapps.us.es/centrosdptos/titulaciones/asignatura.php?codasig=52150014,11,2026-05-10T08:55:43+00:00
http://alojawebapps.us.es/centrosdptos/pdi/pdi.php?pdi=5631,Organización y Gestión de Empresas Periodísticas,http://alojawebapps.us.es/centrosdptos/titulaciones/asignatura.php?codasig=2100024,1,2026-05-10T08:55:44+00:00
http://alojawebapps.us.es/centrosdptos/pdi/pdi.php?pdi=5631,Trabajo Fin de Grado,http://alojawebapps.us.es/centrosdptos/titulaciones/asignatura.php?codasig=2100050,2,2026-05-10T08:55:44+00:00
http://alojawebapps.us.es/centrosdptos/pdi/pdi.php?pdi=5631,Administración de Empresas Publicitarias,http://alojawebapps.us.es/centrosdptos/titulaciones/asignatura.php?codasig=2110054,3,2026-05-10T08:55:44+00:00
http://alojawebapps.us.es/centrosdptos/pdi/pdi.php?pdi=5631,Organización y Gestión de Empresas Periodísticas,http://alojawebapps.us.es/centrosdptos/titulaciones/asignatura.php?codasig=2430068,4,2026-05-10T08:55:44+00:00
http://alojawebapps.us.es/centrosdptos/pdi/pdi.php?pdi=5631,Trabajo Fin de Master,http://alojawebapps.us.es/centrosdptos/titulaciones/asignatura.php?codasig=50850021,5,2026-05-10T08:55:44+00:00
http://alojawebapps.us.es/centrosdptos/pdi/pdi.php?pdi=5631,Emprendimiento y Gestión Comercial del Guión,http://alojawebapps.us.es/centrosdptos/titulaciones/asignatura.php?codasig=51840005,6,2026-05-10T08:55:44+00:00
http://alojawebapps.us.es/centrosdptos/pdi/pdi.php?pdi=3020,Dirección y Organización de Empresas Turísticas,http://alojawebapps.us.es/centrosdptos/titulaciones/asignatura.php?codasig=1790015,1,2026-05-10T08:55:45+00:00
http://alojawebapps.us.es/centrosdptos/pdi/pdi.php?pdi=3020,Empresas y Organizaciones Turísticas,http://alojawebapps.us.es/centrosdptos/titulaciones/asignatura.php?codasig=1790004,2,2026-05-10T08:55:45+00:00
http://alojawebapps.us.es/centrosdptos/pdi/pdi.php?pdi=3020,Dirección y Organización de Empresas Turísticas,http://alojawebapps.us.es/centrosdptos/titulaciones/asignatura.php?codasig=2600014,3,2026-05-10T08:55:45+00:00
http://alojawebapps.us.es/centrosdptos/pdi/pdi.php?pdi=3020,Empresas y Organizaciones Turísticas,http://alojawebapps.us.es/centrosdptos/titulaciones/asignatura.php?codasig=2600004,4,2026-05-10T08:55:45+00:00
http://alojawebapps.us.es/centrosdptos/pdi/pdi.php?pdi=3020,Practicum en Empresas Turísticas,http://alojawebapps.us.es/centrosdptos/titulaciones/asignatura.php?codasig=2600047,5,2026-05-10T08:55:45+00:00
http://alojawebapps.us.es/centrosdptos/pdi/pdi.php?pdi=3020,Practicum en Empresas Turísticas Internacionales,http://alojawebapps.us.es/centrosdptos/titulaciones/asignatura.php?codasig=2600048,6,2026-05-10T08:55:45+00:00
http://alojawebapps.us.es/centrosdptos/pdi/pdi.php?pdi=3020,Trabajo Fin de Grado,http://alojawebapps.us.es/centrosdptos/titulaciones/asignatura.php?codasig=2600057,7,2026-05-10T08:55:45+00:00
http://alojawebapps.us.es/centrosdptos/pdi/pdi.php?pdi=3020,Dirección y Organización de Empresas Turísticas,http://alojawebapps.us.es/centrosdptos/titulaciones/asignatura.php?codasig=2630018,8,2026-05-10T08:55:45+00:00
http://alojawebapps.us.es/centrosdptos/pdi/pdi.php?pdi=3020,Empresas y Organizaciones Turísticas,http://alojawebapps.us.es/centrosdptos/titulaciones/asignatura.php?codasig=2630005,9,2026-05-10T08:55:45+00:00
http://alojawebapps.us.es/centrosdptos/pdi/pdi.php?pdi=3020,"Aprendizaje y Enseñanza de las Materias de Economía, Empresa y Comercio",http://alojawebapps.us.es/centrosdptos/titulaciones/asignatura.php?codasig=50440040,10,2026-05-10T08:55:45+00:00
http://alojawebapps.us.es/centrosdptos/pdi/pdi.php?pdi=3020,Aprendizaje y Enseñanza de las Materias de Hostelería y Turismo,http://alojawebapps.us.es/centrosdptos/titulaciones/asignatura.php?codasig=50440046,11,2026-05-10T08:55:45+00:00
http://alojawebapps.us.es/centrosdptos/pdi/pdi.php?pdi=3020,"Prácticas Externas en Economía, Empresa y Comercio (en Centros de Secundaria)",http://alojawebapps.us.es/centrosdptos/titulaciones/asignatura.php?codasig=50440092,12,2026-05-10T08:55:45+00:00
http://alojawebapps.us.es/centrosdptos/pdi/pdi.php?pdi=3020,Trabajo Fin de Máster,http://alojawebapps.us.es/centrosdptos/titulaciones/asignatura.php?codasig=50440081,13,2026-05-10T08:55:45+00:00
http://alojawebapps.us.es/centrosdptos/pdi/pdi.php?pdi=3020,Dirección Estratégica de Organizaciones Turísticas,http://alojawebapps.us.es/centrosdptos/titulaciones/asignatura.php?codasig=50630004,14,2026-05-10T08:55:45+00:00
http://alojawebapps.us.es/centrosdptos/pdi/pdi.php?pdi=3020,Innovación e Inteligencia Natural,http://alojawebapps.us.es/centrosdptos/titulaciones/asignatura.php?codasig=50630037,15,2026-05-10T08:55:45+00:00
http://alojawebapps.us.es/centrosdptos/pdi/pdi.php?pdi=3020,Trabajo Fin de Máster,http://alojawebapps.us.es/centrosdptos/titulaciones/asignatura.php?codasig=50630035,16,2026-05-10T08:55:45+00:00
http://alojawebapps.us.es/centrosdptos/pdi/pdi.php?pdi=3020,Dirección Estratégica de Negocios,http://alojawebapps.us.es/centrosdptos/titulaciones/asignatura.php?codasig=52010010,17,2026-05-10T08:55:45+00:00
http://alojawebapps.us.es/centrosdptos/pdi/pdi.php?pdi=3020,Trabajo Fin de Máster,http://alojawebapps.us.es/centrosdptos/titulaciones/asignatura.php?codasig=52010021,18,2026-05-10T08:55:45+00:00
http://alojawebapps.us.es/centrosdptos/pdi/pdi.php?pdi=5602,Introducción a la Economía de la Empresa (Organización),http://alojawebapps.us.es/centrosdptos/titulaciones/asignatura.php?codasig=1510007,1,2026-05-10T08:55:45+00:00
http://alojawebapps.us.es/centrosdptos/pdi/pdi.php?pdi=5602,Trabajo Fin de Grado,http://alojawebapps.us.es/centrosdptos/titulaciones/asignatura.php?codasig=1510048,2,2026-05-10T08:55:45+00:00
http://alojawebapps.us.es/centrosdptos/pdi/pdi.php?pdi=5602,Introducción a la Economía de la Empresa (Organización),http://alojawebapps.us.es/centrosdptos/titulaciones/asignatura.php?codasig=1860010,3,2026-05-10T08:55:45+00:00
http://alojawebapps.us.es/centrosdptos/pdi/pdi.php?pdi=5602,Trabajo Fin de Grado,http://alojawebapps.us.es/centrosdptos/titulaciones/asignatura.php?codasig=1860063,4,2026-05-10T08:55:45+00:00
http://alojawebapps.us.es/centrosdptos/pdi/pdi.php?pdi=5602,Bioética y Transferencia del Conocimiento,http://alojawebapps.us.es/centrosdptos/titulaciones/asignatura.php?codasig=2170031,5,2026-05-10T08:55:45+00:00
http://alojawebapps.us.es/centrosdptos/pdi/pdi.php?pdi=5602,Introducción a la Economía de la Empresa (Organización),http://alojawebapps.us.es/centrosdptos/titulaciones/asignatura.php?codasig=2610007,6,2026-05-10T08:55:45+00:00
http://alojawebapps.us.es/centrosdptos/pdi/pdi.php?pdi=5602,Introducción a la Economía de la Empresa (Organización),http://alojawebapps.us.es/centrosdptos/titulaciones/asignatura.php?codasig=2660007,7,2026-05-10T08:55:45+00:00
http://alojawebapps.us.es/centrosdptos/pdi/pdi.php?pdi=5602,Internacionalización de la Empresa Familiar,http://alojawebapps.us.es/centrosdptos/titulaciones/asignatura.php?codasig=50850016,8,2026-05-10T08:55:45+00:00
http://alojawebapps.us.es/centrosdptos/pdi/pdi.php?pdi=5602,Proceso de Internacionalizacion y Marketing Internacional,http://alojawebapps.us.es/centrosdptos/titulaciones/asignatura.php?codasig=50850006,9,2026-05-10T08:55:45+00:00
http://alojawebapps.us.es/centrosdptos/pdi/pdi.php?pdi=5602,Trabajo Fin de Master,http://alojawebapps.us.es/centrosdptos/titulaciones/asignatura.php?codasig=50850021,10,2026-05-10T08:55:45+00:00
http://alojawebapps.us.es/centrosdptos/pdi/pdi.php?pdi=3051,Marketing,http://alojawebapps.us.es/centrosdptos/titulaciones/asignatura.php?codasig=1610017,1,2026-05-10T08:55:46+00:00
http://alojawebapps.us.es/centrosdptos/pdi/pdi.php?pdi=3051,Prácticas,http://alojawebapps.us.es/centrosdptos/titulaciones/asignatura.php?codasig=1610045,2,2026-05-10T08:55:46+00:00
http://alojawebapps.us.es/centrosdptos/pdi/pdi.php?pdi=3051,Trabajo Fin de Grado,http://alojawebapps.us.es/centrosdptos/titulaciones/asignatura.php?codasig=1610049,3,2026-05-10T08:55:46+00:00
http://alojawebapps.us.es/centrosdptos/pdi/pdi.php?pdi=3051,Marketing Industrial,http://alojawebapps.us.es/centrosdptos/titulaciones/asignatura.php?codasig=1800038,4,2026-05-10T08:55:46+00:00
http://alojawebapps.us.es/centrosdptos/pdi/pdi.php?pdi=3051,Prácticas,http://alojawebapps.us.es/centrosdptos/titulaciones/asignatura.php?codasig=1800046,5,2026-05-10T08:55:46+00:00
http://alojawebapps.us.es/centrosdptos/pdi/pdi.php?pdi=3051,Dirección Comercial de Organizaciones Turísticas,http://alojawebapps.us.es/centrosdptos/titulaciones/asignatura.php?codasig=50630002,6,2026-05-10T08:55:46+00:00
http://alojawebapps.us.es/centrosdptos/pdi/pdi.php?pdi=3051,Marketing Digital en Turismo,http://alojawebapps.us.es/centrosdptos/titulaciones/asignatura.php?codasig=50630040,7,2026-05-10T08:55:46+00:00
http://alojawebapps.us.es/centrosdptos/pdi/pdi.php?pdi=3051,Trabajo Fin de Máster,http://alojawebapps.us.es/centrosdptos/titulaciones/asignatura.php?codasig=50630035,8,2026-05-10T08:55:46+00:00
http://alojawebapps.us.es/centrosdptos/pdi/pdi.php?pdi=11994,Dirección Estratégica,http://alojawebapps.us.es/centrosdptos/titulaciones/asignatura.php?codasig=1510036,1,2026-05-10T08:55:47+00:00
http://alojawebapps.us.es/centrosdptos/pdi/pdi.php?pdi=11994,Estrategia e Innovación,http://alojawebapps.us.es/centrosdptos/titulaciones/asignatura.php?codasig=1510040,2,2026-05-10T08:55:47+00:00
http://alojawebapps.us.es/centrosdptos/pdi/pdi.php?pdi=11994,Plan de Empresa,http://alojawebapps.us.es/centrosdptos/titulaciones/asignatura.php?codasig=1510045,3,2026-05-10T08:55:47+00:00
http://alojawebapps.us.es/centrosdptos/pdi/pdi.php?pdi=11994,Trabajo Fin de Grado,http://alojawebapps.us.es/centrosdptos/titulaciones/asignatura.php?codasig=1510048,4,2026-05-10T08:55:47+00:00
http://alojawebapps.us.es/centrosdptos/pdi/pdi.php?pdi=11994,Dirección Estratégica,http://alojawebapps.us.es/centrosdptos/titulaciones/asignatura.php?codasig=1860060,5,2026-05-10T08:55:47+00:00
http://alojawebapps.us.es/centrosdptos/pdi/pdi.php?pdi=11994,Dirección y Administración de Empresas de Edificación,http://alojawebapps.us.es/centrosdptos/titulaciones/asignatura.php?codasig=50860022,6,2026-05-10T08:55:47+00:00
http://alojawebapps.us.es/centrosdptos/pdi/pdi.php?pdi=2766,Creación de Empresas,http://alojawebapps.us.es/centrosdptos/titulaciones/asignatura.php?codasig=1860054,1,2026-05-10T08:55:47+00:00
http://alojawebapps.us.es/centrosdptos/pdi/pdi.php?pdi=2766,Trabajo Fin de Grado,http://alojawebapps.us.es/centrosdptos/titulaciones/asignatura.php?codasig=1860063,2,2026-05-10T08:55:47+00:00
http://alojawebapps.us.es/centrosdptos/pdi/pdi.php?pdi=2766,Redes Internacionales,http://alojawebapps.us.es/centrosdptos/titulaciones/asignatura.php?codasig=50850020,3,2026-05-10T08:55:47+00:00
http://alojawebapps.us.es/centrosdptos/pdi/pdi.php?pdi=2766,Trabajo Fin de Master,http://alojawebapps.us.es/centrosdptos/titulaciones/asignatura.php?codasig=50850021,4,2026-05-10T08:55:47+00:00
http://alojawebapps.us.es/centrosdptos/pdi/pdi.php?pdi=2766,Innovación y Emprendimiento,http://alojawebapps.us.es/centrosdptos/titulaciones/asignatura.php?codasig=51490013,5,2026-05-10T08:55:47+00:00
http://alojawebapps.us.es/centrosdptos/pdi/pdi.php?pdi=2766,Creación de Empresas e Innovación,http://alojawebapps.us.es/centrosdptos/titulaciones/asignatura.php?codasig=52150003,6,2026-05-10T08:55:47+00:00
http://alojawebapps.us.es/centrosdptos/pdi/pdi.php?pdi=2766,Realización del TFM,http://alojawebapps.us.es/centrosdptos/titulaciones/asignatura.php?codasig=52150014,7,2026-05-10T08:55:47+00:00
http://alojawebapps.us.es/centrosdptos/pdi/pdi.php?pdi=6343,Fundamentos de Economía de la Empresa,http://alojawebapps.us.es/centrosdptos/titulaciones/asignatura.php?codasig=1610005,1,2026-05-10T08:55:48+00:00
http://alojawebapps.us.es/centrosdptos/pdi/pdi.php?pdi=6343,Prácticas,http://alojawebapps.us.es/centrosdptos/titulaciones/asignatura.php?codasig=1610045,2,2026-05-10T08:55:48+00:00
http://alojawebapps.us.es/centrosdptos/pdi/pdi.php?pdi=6343,Trabajo Fin de Grado,http://alojawebapps.us.es/centrosdptos/titulaciones/asignatura.php?codasig=1610049,3,2026-05-10T08:55:48+00:00
http://alojawebapps.us.es/centrosdptos/pdi/pdi.php?pdi=6343,Fundamentos de Economía de la Empresa,http://alojawebapps.us.es/centrosdptos/titulaciones/asignatura.php?codasig=2290006,4,2026-05-10T08:55:48+00:00
http://alojawebapps.us.es/centrosdptos/pdi/pdi.php?pdi=6343,Habilidades Directivas,http://alojawebapps.us.es/centrosdptos/titulaciones/asignatura.php?codasig=52010016,5,2026-05-10T08:55:48+00:00
http://alojawebapps.us.es/centrosdptos/pdi/pdi.php?pdi=6343,Trabajo Fin de Máster,http://alojawebapps.us.es/centrosdptos/titulaciones/asignatura.php?codasig=52010021,6,2026-05-10T08:55:48+00:00
http://alojawebapps.us.es/centrosdptos/pdi/pdi.php?pdi=6194,Administración de Empresas,http://alojawebapps.us.es/centrosdptos/titulaciones/asignatura.php?codasig=1510011,1,2026-05-10T08:55:49+00:00
http://alojawebapps.us.es/centrosdptos/pdi/pdi.php?pdi=6194,Habilidades Directivas,http://alojawebapps.us.es/centrosdptos/titulaciones/asignatura.php?codasig=1510042,2,2026-05-10T08:55:49+00:00
http://alojawebapps.us.es/centrosdptos/pdi/pdi.php?pdi=6194,Prácticas en Empresas,http://alojawebapps.us.es/centrosdptos/titulaciones/asignatura.php?codasig=1510046,3,2026-05-10T08:55:49+00:00
http://alojawebapps.us.es/centrosdptos/pdi/pdi.php?pdi=6194,Trabajo Fin de Grado,http://alojawebapps.us.es/centrosdptos/titulaciones/asignatura.php?codasig=1510048,4,2026-05-10T08:55:49+00:00
http://alojawebapps.us.es/centrosdptos/pdi/pdi.php?pdi=6194,Administración de Empresas,http://alojawebapps.us.es/centrosdptos/titulaciones/asignatura.php?codasig=1800011,5,2026-05-10T08:55:49+00:00
http://alojawebapps.us.es/centrosdptos/pdi/pdi.php?pdi=6194,Administración y Gestión de Empresas Deportivas,http://alojawebapps.us.es/centrosdptos/titulaciones/asignatura.php?codasig=2540023,6,2026-05-10T08:55:49+00:00
http://alojawebapps.us.es/centrosdptos/pdi/pdi.php?pdi=6194,Administración y Gestión de Empresas Deportivas,http://alojawebapps.us.es/centrosdptos/titulaciones/asignatura.php?codasig=2550038,7,2026-05-10T08:55:49+00:00
http://alojawebapps.us.es/centrosdptos/pdi/pdi.php?pdi=6194,Administración de Empresas,http://alojawebapps.us.es/centrosdptos/titulaciones/asignatura.php?codasig=2610011,8,2026-05-10T08:55:49+00:00
http://alojawebapps.us.es/centrosdptos/pdi/pdi.php?pdi=6194,El Cambio en las Instituciones en una Economía Global,http://alojawebapps.us.es/centrosdptos/titulaciones/asignatura.php?codasig=50850002,9,2026-05-10T08:55:49+00:00
http://alojawebapps.us.es/centrosdptos/pdi/pdi.php?pdi=6194,Trabajo Fin de Master,http://alojawebapps.us.es/centrosdptos/titulaciones/asignatura.php?codasig=50850021,10,2026-05-10T08:55:49+00:00
http://alojawebapps.us.es/centrosdptos/pdi/pdi.php?pdi=6194,Técnicas de Análisis Confirmatorio-Predictivo de Datos,http://alojawebapps.us.es/centrosdptos/titulaciones/asignatura.php?codasig=52150015,11,2026-05-10T08:55:49+00:00
http://alojawebapps.us.es/centrosdptos/pdi/pdi.php?pdi=12700,Prácticas,http://alojawebapps.us.es/centrosdptos/titulaciones/asignatura.php?codasig=1610045,1,2026-05-10T08:55:50+00:00
http://alojawebapps.us.es/centrosdptos/pdi/pdi.php?pdi=12700,Marketing,http://alojawebapps.us.es/centrosdptos/titulaciones/asignatura.php?codasig=2110008,2,2026-05-10T08:55:50+00:00
http://alojawebapps.us.es/centrosdptos/pdi/pdi.php?pdi=12700,Planificación y Gestión de Medios Publicitarios,http://alojawebapps.us.es/centrosdptos/titulaciones/asignatura.php?codasig=2110023,3,2026-05-10T08:55:50+00:00
http://alojawebapps.us.es/centrosdptos/pdi/pdi.php?pdi=12700,Proyecto Fin de Grado,http://alojawebapps.us.es/centrosdptos/titulaciones/asignatura.php?codasig=2110048,4,2026-05-10T08:55:50+00:00
http://alojawebapps.us.es/centrosdptos/pdi/pdi.php?pdi=12700,Marketing,http://alojawebapps.us.es/centrosdptos/titulaciones/asignatura.php?codasig=2200032,5,2026-05-10T08:55:50+00:00
http://alojawebapps.us.es/centrosdptos/pdi/pdi.php?pdi=12700,Realización del TFM,http://alojawebapps.us.es/centrosdptos/titulaciones/asignatura.php?codasig=52150014,6,2026-05-10T08:55:50+00:00
http://alojawebapps.us.es/centrosdptos/pdi/pdi.php?pdi=12700,Tendencias de Consumo,http://alojawebapps.us.es/centrosdptos/titulaciones/asignatura.php?codasig=52150019,7,2026-05-10T08:55:50+00:00
http://alojawebapps.us.es/centrosdptos/pdi/pdi.php?pdi=12700,Marketing Data Analysis and Trend Prediction,http://alojawebapps.us.es/centrosdptos/titulaciones/asignatura.php?codasig=52340025,8,2026-05-10T08:55:50+00:00
http://alojawebapps.us.es/centrosdptos/pdi/pdi.php?pdi=18532,Introducción al Marketing,http://alojawebapps.us.es/centrosdptos/titulaciones/asignatura.php?codasig=1510008,1,2026-05-10T08:55:50+00:00
http://alojawebapps.us.es/centrosdptos/pdi/pdi.php?pdi=18532,Investigación de Mercados III,http://alojawebapps.us.es/centrosdptos/titulaciones/asignatura.php?codasig=1800030,2,2026-05-10T08:55:50+00:00
http://alojawebapps.us.es/centrosdptos/pdi/pdi.php?pdi=18532,Introducción al Marketing,http://alojawebapps.us.es/centrosdptos/titulaciones/asignatura.php?codasig=2610008,3,2026-05-10T08:55:50+00:00
http://alojawebapps.us.es/centrosdptos/pdi/pdi.php?pdi=6182,Creación de Empresas Turísticas,http://alojawebapps.us.es/centrosdptos/titulaciones/asignatura.php?codasig=1790039,1,2026-05-10T08:55:51+00:00
http://alojawebapps.us.es/centrosdptos/pdi/pdi.php?pdi=6182,Habilidades Personales y Directivas,http://alojawebapps.us.es/centrosdptos/titulaciones/asignatura.php?codasig=2600018,2,2026-05-10T08:55:51+00:00
http://alojawebapps.us.es/centrosdptos/pdi/pdi.php?pdi=6182,Habilidades Personales y Directivas,http://alojawebapps.us.es/centrosdptos/titulaciones/asignatura.php?codasig=2630022,3,2026-05-10T08:55:51+00:00
http://alojawebapps.us.es/centrosdptos/pdi/pdi.php?pdi=3032,Gestión de la Calidad,http://alojawebapps.us.es/centrosdptos/titulaciones/asignatura.php?codasig=1510041,1,2026-05-10T08:55:52+00:00
http://alojawebapps.us.es/centrosdptos/pdi/pdi.php?pdi=3032,Prácticas en Empresas,http://alojawebapps.us.es/centrosdptos/titulaciones/asignatura.php?codasig=1510046,2,2026-05-10T08:55:52+00:00
http://alojawebapps.us.es/centrosdptos/pdi/pdi.php?pdi=3032,Trabajo Fin de Grado,http://alojawebapps.us.es/centrosdptos/titulaciones/asignatura.php?codasig=1510048,3,2026-05-10T08:55:52+00:00
http://alojawebapps.us.es/centrosdptos/pdi/pdi.php?pdi=3032,Creación de Empresas Turísticas,http://alojawebapps.us.es/centrosdptos/titulaciones/asignatura.php?codasig=1790039,4,2026-05-10T08:55:52+00:00
http://alojawebapps.us.es/centrosdptos/pdi/pdi.php?pdi=3032,Practicum,http://alojawebapps.us.es/centrosdptos/titulaciones/asignatura.php?codasig=1790045,5,2026-05-10T08:55:52+00:00
http://alojawebapps.us.es/centrosdptos/pdi/pdi.php?pdi=3032,Habilidades Personales y Directivas,http://alojawebapps.us.es/centrosdptos/titulaciones/asignatura.php?codasig=2600018,6,2026-05-10T08:55:52+00:00
http://alojawebapps.us.es/centrosdptos/pdi/pdi.php?pdi=3032,Practicum en Empresas Turísticas,http://alojawebapps.us.es/centrosdptos/titulaciones/asignatura.php?codasig=2600047,7,2026-05-10T08:55:52+00:00
http://alojawebapps.us.es/centrosdptos/pdi/pdi.php?pdi=3032,Trabajo Fin de Grado,http://alojawebapps.us.es/centrosdptos/titulaciones/asignatura.php?codasig=2600057,8,2026-05-10T08:55:52+00:00
http://alojawebapps.us.es/centrosdptos/pdi/pdi.php?pdi=3032,Habilidades Personales y Directivas,http://alojawebapps.us.es/centrosdptos/titulaciones/asignatura.php?codasig=2630022,9,2026-05-10T08:55:52+00:00
http://alojawebapps.us.es/centrosdptos/pdi/pdi.php?pdi=3032,Calidad Turistica: Accesibilidad y Sostenibilidad,http://alojawebapps.us.es/centrosdptos/titulaciones/asignatura.php?codasig=50630010,10,2026-05-10T08:55:52+00:00
http://alojawebapps.us.es/centrosdptos/pdi/pdi.php?pdi=3032,Normalización y Gestión Turística Inteligente,http://alojawebapps.us.es/centrosdptos/titulaciones/asignatura.php?codasig=50630041,11,2026-05-10T08:55:52+00:00
http://alojawebapps.us.es/centrosdptos/pdi/pdi.php?pdi=3032,"Gestión Integrada de la Calidad, el Medio Ambiente y la Prevención de Riesgos Laborales",http://alojawebapps.us.es/centrosdptos/titulaciones/asignatura.php?codasig=52180024,12,2026-05-10T08:55:52+00:00
http://alojawebapps.us.es/centrosdptos/pdi/pdi.php?pdi=16011,Introducción al Marketing,http://alojawebapps.us.es/centrosdptos/titulaciones/asignatura.php?codasig=1560008,1,2026-05-10T08:55:53+00:00
http://alojawebapps.us.es/centrosdptos/pdi/pdi.php?pdi=16011,Prácticas,http://alojawebapps.us.es/centrosdptos/titulaciones/asignatura.php?codasig=1560048,2,2026-05-10T08:55:53+00:00
http://alojawebapps.us.es/centrosdptos/pdi/pdi.php?pdi=16011,Comportamiento del Consumidor,http://alojawebapps.us.es/centrosdptos/titulaciones/asignatura.php?codasig=1800032,3,2026-05-10T08:55:53+00:00
http://alojawebapps.us.es/centrosdptos/pdi/pdi.php?pdi=16011,Gestión de Marcas y Nuevos Productos,http://alojawebapps.us.es/centrosdptos/titulaciones/asignatura.php?codasig=1800036,4,2026-05-10T08:55:53+00:00
http://alojawebapps.us.es/centrosdptos/pdi/pdi.php?pdi=16011,Prácticas,http://alojawebapps.us.es/centrosdptos/titulaciones/asignatura.php?codasig=1800046,5,2026-05-10T08:55:53+00:00
http://alojawebapps.us.es/centrosdptos/pdi/pdi.php?pdi=16011,Trabajo Fin de Grado,http://alojawebapps.us.es/centrosdptos/titulaciones/asignatura.php?codasig=1800048,6,2026-05-10T08:55:53+00:00
http://alojawebapps.us.es/centrosdptos/pdi/pdi.php?pdi=14859,Dirección y Organización de Empresas Turísticas,http://alojawebapps.us.es/centrosdptos/titulaciones/asignatura.php?codasig=1790015,1,2026-05-10T08:55:53+00:00
http://alojawebapps.us.es/centrosdptos/pdi/pdi.php?pdi=14859,Empresas y Organizaciones Turísticas,http://alojawebapps.us.es/centrosdptos/titulaciones/asignatura.php?codasig=1790004,2,2026-05-10T08:55:53+00:00
http://alojawebapps.us.es/centrosdptos/pdi/pdi.php?pdi=14859,Dirección y Organización de Empresas Turísticas,http://alojawebapps.us.es/centrosdptos/titulaciones/asignatura.php?codasig=2600014,3,2026-05-10T08:55:53+00:00
http://alojawebapps.us.es/centrosdptos/pdi/pdi.php?pdi=14859,Empresas y Organizaciones Turísticas,http://alojawebapps.us.es/centrosdptos/titulaciones/asignatura.php?codasig=2600004,4,2026-05-10T08:55:53+00:00
http://alojawebapps.us.es/centrosdptos/pdi/pdi.php?pdi=14859,Practicum en Empresas Turísticas,http://alojawebapps.us.es/centrosdptos/titulaciones/asignatura.php?codasig=2600047,5,2026-05-10T08:55:53+00:00
http://alojawebapps.us.es/centrosdptos/pdi/pdi.php?pdi=14859,Practicum en Organizaciones de Destino,http://alojawebapps.us.es/centrosdptos/titulaciones/asignatura.php?codasig=2600049,6,2026-05-10T08:55:53+00:00
http://alojawebapps.us.es/centrosdptos/pdi/pdi.php?pdi=14859,Trabajo Fin de Grado,http://alojawebapps.us.es/centrosdptos/titulaciones/asignatura.php?codasig=2600057,7,2026-05-10T08:55:53+00:00
http://alojawebapps.us.es/centrosdptos/pdi/pdi.php?pdi=14859,Dirección y Organización de Empresas Turísticas,http://alojawebapps.us.es/centrosdptos/titulaciones/asignatura.php?codasig=2630018,8,2026-05-10T08:55:53+00:00
http://alojawebapps.us.es/centrosdptos/pdi/pdi.php?pdi=14859,Empresas y Organizaciones Turísticas,http://alojawebapps.us.es/centrosdptos/titulaciones/asignatura.php?codasig=2630005,9,2026-05-10T08:55:53+00:00
http://alojawebapps.us.es/centrosdptos/pdi/pdi.php?pdi=14859,"Género, Ciudadanía y Democracia",http://alojawebapps.us.es/centrosdptos/titulaciones/asignatura.php?codasig=50390019,10,2026-05-10T08:55:53+00:00
http://alojawebapps.us.es/centrosdptos/pdi/pdi.php?pdi=14859,Prácticas en Empresas,http://alojawebapps.us.es/centrosdptos/titulaciones/asignatura.php?codasig=50390015,11,2026-05-10T08:55:53+00:00
http://alojawebapps.us.es/centrosdptos/pdi/pdi.php?pdi=14859,Trabajo Fin de Máster,http://alojawebapps.us.es/centrosdptos/titulaciones/asignatura.php?codasig=50390018,12,2026-05-10T08:55:53+00:00
http://alojawebapps.us.es/centrosdptos/pdi/pdi.php?pdi=14859,Innovación e Inteligencia Natural,http://alojawebapps.us.es/centrosdptos/titulaciones/asignatura.php?codasig=50630037,13,2026-05-10T08:55:53+00:00
http://alojawebapps.us.es/centrosdptos/pdi/pdi.php?pdi=14859,Trabajo Fin de Máster,http://alojawebapps.us.es/centrosdptos/titulaciones/asignatura.php?codasig=50630035,14,2026-05-10T08:55:53+00:00
http://alojawebapps.us.es/centrosdptos/pdi/pdi.php?pdi=14859,Gestión de la Diversidad Cultural de las Empresas Internacionales,http://alojawebapps.us.es/centrosdptos/titulaciones/asignatura.php?codasig=50850014,15,2026-05-10T08:55:53+00:00
http://alojawebapps.us.es/centrosdptos/pdi/pdi.php?pdi=14859,Trabajo Fin de Master,http://alojawebapps.us.es/centrosdptos/titulaciones/asignatura.php?codasig=50850021,16,2026-05-10T08:55:53+00:00
http://alojawebapps.us.es/centrosdptos/pdi/pdi.php?pdi=2784,Prácticas,http://alojawebapps.us.es/centrosdptos/titulaciones/asignatura.php?codasig=1610045,1,2026-05-10T08:55:54+00:00
http://alojawebapps.us.es/centrosdptos/pdi/pdi.php?pdi=2784,Responsabilidad Social y Ética Empresarial,http://alojawebapps.us.es/centrosdptos/titulaciones/asignatura.php?codasig=1610028,2,2026-05-10T08:55:54+00:00
http://alojawebapps.us.es/centrosdptos/pdi/pdi.php?pdi=2784,Trabajo Fin de Grado,http://alojawebapps.us.es/centrosdptos/titulaciones/asignatura.php?codasig=1610049,3,2026-05-10T08:55:54+00:00
http://alojawebapps.us.es/centrosdptos/pdi/pdi.php?pdi=2784,Responsabilidad Social y Ética Empresarial,http://alojawebapps.us.es/centrosdptos/titulaciones/asignatura.php?codasig=2200057,4,2026-05-10T08:55:54+00:00
http://alojawebapps.us.es/centrosdptos/pdi/pdi.php?pdi=2784,Responsabilidad Social y ética Empresarial,http://alojawebapps.us.es/centrosdptos/titulaciones/asignatura.php?codasig=2290063,5,2026-05-10T08:55:54+00:00
http://alojawebapps.us.es/centrosdptos/pdi/pdi.php?pdi=2784,Alta Dirección de Empresas Turísticas,http://alojawebapps.us.es/centrosdptos/titulaciones/asignatura.php?codasig=50630008,6,2026-05-10T08:55:54+00:00
http://alojawebapps.us.es/centrosdptos/pdi/pdi.php?pdi=2784,Prácticas en Entidades y Empresas Adecuadas al Itinierario,http://alojawebapps.us.es/centrosdptos/titulaciones/asignatura.php?codasig=50630027,7,2026-05-10T08:55:54+00:00
http://alojawebapps.us.es/centrosdptos/pdi/pdi.php?pdi=2784,Trabajo Fin de Máster,http://alojawebapps.us.es/centrosdptos/titulaciones/asignatura.php?codasig=50630035,8,2026-05-10T08:55:54+00:00
http://alojawebapps.us.es/centrosdptos/pdi/pdi.php?pdi=3342,Introducción a la Economía de la Empresa (Organización),http://alojawebapps.us.es/centrosdptos/titulaciones/asignatura.php?codasig=1510007,1,2026-05-10T08:55:55+00:00
http://alojawebapps.us.es/centrosdptos/pdi/pdi.php?pdi=3342,Prácticas en Empresas,http://alojawebapps.us.es/centrosdptos/titulaciones/asignatura.php?codasig=1510046,2,2026-05-10T08:55:55+00:00
http://alojawebapps.us.es/centrosdptos/pdi/pdi.php?pdi=3342,Trabajo Fin de Grado,http://alojawebapps.us.es/centrosdptos/titulaciones/asignatura.php?codasig=1510048,3,2026-05-10T08:55:55+00:00
http://alojawebapps.us.es/centrosdptos/pdi/pdi.php?pdi=3342,Introducción a la Economía de la Empresa,http://alojawebapps.us.es/centrosdptos/titulaciones/asignatura.php?codasig=1560007,4,2026-05-10T08:55:55+00:00
http://alojawebapps.us.es/centrosdptos/pdi/pdi.php?pdi=3342,Trabajo Fin de Grado,http://alojawebapps.us.es/centrosdptos/titulaciones/asignatura.php?codasig=1560049,5,2026-05-10T08:55:55+00:00
http://alojawebapps.us.es/centrosdptos/pdi/pdi.php?pdi=3342,Introducción a la Economía de la Empresa (Organización),http://alojawebapps.us.es/centrosdptos/titulaciones/asignatura.php?codasig=2610007,6,2026-05-10T08:55:55+00:00
http://alojawebapps.us.es/centrosdptos/pdi/pdi.php?pdi=3342,Innovación e Inteligencia Natural,http://alojawebapps.us.es/centrosdptos/titulaciones/asignatura.php?codasig=50630037,7,2026-05-10T08:55:55+00:00
http://alojawebapps.us.es/centrosdptos/pdi/pdi.php?pdi=3342,Trabajo Fin de Máster,http://alojawebapps.us.es/centrosdptos/titulaciones/asignatura.php?codasig=50630035,8,2026-05-10T08:55:55+00:00
http://alojawebapps.us.es/centrosdptos/pdi/pdi.php?pdi=5593,Prácticas,http://alojawebapps.us.es/centrosdptos/titulaciones/asignatura.php?codasig=1610045,1,2026-05-10T08:55:55+00:00
http://alojawebapps.us.es/centrosdptos/pdi/pdi.php?pdi=5593,Responsabilidad Social y Ética Empresarial,http://alojawebapps.us.es/centrosdptos/titulaciones/asignatura.php?codasig=1610028,2,2026-05-10T08:55:55+00:00
http://alojawebapps.us.es/centrosdptos/pdi/pdi.php?pdi=5593,Trabajo Fin de Grado,http://alojawebapps.us.es/centrosdptos/titulaciones/asignatura.php?codasig=1610049,3,2026-05-10T08:55:55+00:00
http://alojawebapps.us.es/centrosdptos/pdi/pdi.php?pdi=15657,Administración de Empresas,http://alojawebapps.us.es/centrosdptos/titulaciones/asignatura.php?codasig=1510011,1,2026-05-10T08:55:56+00:00
http://alojawebapps.us.es/centrosdptos/pdi/pdi.php?pdi=15657,Prácticas en Empresas,http://alojawebapps.us.es/centrosdptos/titulaciones/asignatura.php?codasig=1510046,2,2026-05-10T08:55:56+00:00
http://alojawebapps.us.es/centrosdptos/pdi/pdi.php?pdi=15657,Trabajo Fin de Grado,http://alojawebapps.us.es/centrosdptos/titulaciones/asignatura.php?codasig=1510048,3,2026-05-10T08:55:56+00:00
http://alojawebapps.us.es/centrosdptos/pdi/pdi.php?pdi=15657,Trabajo Fin de Grado,http://alojawebapps.us.es/centrosdptos/titulaciones/asignatura.php?codasig=1540050,4,2026-05-10T08:55:56+00:00
http://alojawebapps.us.es/centrosdptos/pdi/pdi.php?pdi=15657,Administración de Empresas,http://alojawebapps.us.es/centrosdptos/titulaciones/asignatura.php?codasig=1800011,5,2026-05-10T08:55:56+00:00
http://alojawebapps.us.es/centrosdptos/pdi/pdi.php?pdi=15657,Organización de Empresas II,http://alojawebapps.us.es/centrosdptos/titulaciones/asignatura.php?codasig=1860029,6,2026-05-10T08:55:56+00:00
http://alojawebapps.us.es/centrosdptos/pdi/pdi.php?pdi=15657,Prácticas en Empresas (ADE),http://alojawebapps.us.es/centrosdptos/titulaciones/asignatura.php?codasig=1860062,7,2026-05-10T08:55:56+00:00
http://alojawebapps.us.es/centrosdptos/pdi/pdi.php?pdi=15657,Trabajo Fin de Grado,http://alojawebapps.us.es/centrosdptos/titulaciones/asignatura.php?codasig=1860063,8,2026-05-10T08:55:56+00:00
http://alojawebapps.us.es/centrosdptos/pdi/pdi.php?pdi=15657,Administración y Gestión de Empresas Deportivas,http://alojawebapps.us.es/centrosdptos/titulaciones/asignatura.php?codasig=2540023,9,2026-05-10T08:55:56+00:00
http://alojawebapps.us.es/centrosdptos/pdi/pdi.php?pdi=15657,Administración y Gestión de Empresas Deportivas,http://alojawebapps.us.es/centrosdptos/titulaciones/asignatura.php?codasig=2550038,10,2026-05-10T08:55:56+00:00
http://alojawebapps.us.es/centrosdptos/pdi/pdi.php?pdi=15657,Administración de Empresas,http://alojawebapps.us.es/centrosdptos/titulaciones/asignatura.php?codasig=2610011,11,2026-05-10T08:55:56+00:00
http://alojawebapps.us.es/centrosdptos/pdi/pdi.php?pdi=15657,Sistemas de Información y Gestión del Conocimiento,http://alojawebapps.us.es/centrosdptos/titulaciones/asignatura.php?codasig=50850007,12,2026-05-10T08:55:56+00:00
http://alojawebapps.us.es/centrosdptos/pdi/pdi.php?pdi=15657,Trabajo Fin de Master,http://alojawebapps.us.es/centrosdptos/titulaciones/asignatura.php?codasig=50850021,13,2026-05-10T08:55:56+00:00
http://alojawebapps.us.es/centrosdptos/pdi/pdi.php?pdi=15657,Empresa Global y Gestión de Intangibles,http://alojawebapps.us.es/centrosdptos/titulaciones/asignatura.php?codasig=51770006,14,2026-05-10T08:55:56+00:00
http://alojawebapps.us.es/centrosdptos/pdi/pdi.php?pdi=15657,Trabajo Fin de Máster (MCCTT),http://alojawebapps.us.es/centrosdptos/titulaciones/asignatura.php?codasig=51910039,15,2026-05-10T08:55:56+00:00
http://alojawebapps.us.es/centrosdptos/pdi/pdi.php?pdi=3519,Investigación de Mercados I,http://alojawebapps.us.es/centrosdptos/titulaciones/asignatura.php?codasig=1800016,1,2026-05-10T08:55:57+00:00
http://alojawebapps.us.es/centrosdptos/pdi/pdi.php?pdi=3519,Investigación de Mercados III,http://alojawebapps.us.es/centrosdptos/titulaciones/asignatura.php?codasig=1800030,2,2026-05-10T08:55:57+00:00
http://alojawebapps.us.es/centrosdptos/pdi/pdi.php?pdi=18120,Dirección Comercial,http://alojawebapps.us.es/centrosdptos/titulaciones/asignatura.php?codasig=1800023,1,2026-05-10T08:55:58+00:00
http://alojawebapps.us.es/centrosdptos/pdi/pdi.php?pdi=18120,Distribución Comercial I,http://alojawebapps.us.es/centrosdptos/titulaciones/asignatura.php?codasig=1800026,2,2026-05-10T08:55:58+00:00
http://alojawebapps.us.es/centrosdptos/pdi/pdi.php?pdi=18120,Prácticas,http://alojawebapps.us.es/centrosdptos/titulaciones/asignatura.php?codasig=1800046,3,2026-05-10T08:55:58+00:00
http://alojawebapps.us.es/centrosdptos/pdi/pdi.php?pdi=18120,Marketing,http://alojawebapps.us.es/centrosdptos/titulaciones/asignatura.php?codasig=2110008,4,2026-05-10T08:55:58+00:00
http://alojawebapps.us.es/centrosdptos/pdi/pdi.php?pdi=6147,Dirección de Recursos Humanos I,http://alojawebapps.us.es/centrosdptos/titulaciones/asignatura.php?codasig=1510024,1,2026-05-10T08:55:58+00:00
http://alojawebapps.us.es/centrosdptos/pdi/pdi.php?pdi=6147,Dirección de RR.HH. II,http://alojawebapps.us.es/centrosdptos/titulaciones/asignatura.php?codasig=1510035,2,2026-05-10T08:55:58+00:00
http://alojawebapps.us.es/centrosdptos/pdi/pdi.php?pdi=4529,Estrategia e Innovación,http://alojawebapps.us.es/centrosdptos/titulaciones/asignatura.php?codasig=1510040,1,2026-05-10T08:55:59+00:00
http://alojawebapps.us.es/centrosdptos/pdi/pdi.php?pdi=4529,Trabajo Fin de Grado,http://alojawebapps.us.es/centrosdptos/titulaciones/asignatura.php?codasig=1510048,2,2026-05-10T08:55:59+00:00
http://alojawebapps.us.es/centrosdptos/pdi/pdi.php?pdi=4529,Dirección Estratégica,http://alojawebapps.us.es/centrosdptos/titulaciones/asignatura.php?codasig=1860060,3,2026-05-10T08:55:59+00:00
http://alojawebapps.us.es/centrosdptos/pdi/pdi.php?pdi=4529,Trabajo Fin de Grado,http://alojawebapps.us.es/centrosdptos/titulaciones/asignatura.php?codasig=1860063,4,2026-05-10T08:55:59+00:00
http://alojawebapps.us.es/centrosdptos/pdi/pdi.php?pdi=4529,Estrategia y Organización de Empresas Internacionales,http://alojawebapps.us.es/centrosdptos/titulaciones/asignatura.php?codasig=50850004,5,2026-05-10T08:55:59+00:00
http://alojawebapps.us.es/centrosdptos/pdi/pdi.php?pdi=4529,Redes Internacionales,http://alojawebapps.us.es/centrosdptos/titulaciones/asignatura.php?codasig=50850020,6,2026-05-10T08:55:59+00:00
http://alojawebapps.us.es/centrosdptos/pdi/pdi.php?pdi=4209,Dirección y Organización de Empresas Turísticas,http://alojawebapps.us.es/centrosdptos/titulaciones/asignatura.php?codasig=1790015,1,2026-05-10T08:56:00+00:00
http://alojawebapps.us.es/centrosdptos/pdi/pdi.php?pdi=4209,Practicum,http://alojawebapps.us.es/centrosdptos/titulaciones/asignatura.php?codasig=1790045,2,2026-05-10T08:56:00+00:00
http://alojawebapps.us.es/centrosdptos/pdi/pdi.php?pdi=4209,Dirección y Organización de Empresas Turísticas,http://alojawebapps.us.es/centrosdptos/titulaciones/asignatura.php?codasig=2600014,3,2026-05-10T08:56:00+00:00
http://alojawebapps.us.es/centrosdptos/pdi/pdi.php?pdi=4209,Practicum en Empresas Turísticas Internacionales,http://alojawebapps.us.es/centrosdptos/titulaciones/asignatura.php?codasig=2600048,4,2026-05-10T08:56:00+00:00
http://alojawebapps.us.es/centrosdptos/pdi/pdi.php?pdi=4209,Practicum en Organizaciones de Destino,http://alojawebapps.us.es/centrosdptos/titulaciones/asignatura.php?codasig=2600049,5,2026-05-10T08:56:00+00:00
http://alojawebapps.us.es/centrosdptos/pdi/pdi.php?pdi=4209,Trabajo Fin de Grado,http://alojawebapps.us.es/centrosdptos/titulaciones/asignatura.php?codasig=2600057,6,2026-05-10T08:56:00+00:00
http://alojawebapps.us.es/centrosdptos/pdi/pdi.php?pdi=4209,Dirección y Organización de Empresas Turísticas,http://alojawebapps.us.es/centrosdptos/titulaciones/asignatura.php?codasig=2630018,7,2026-05-10T08:56:00+00:00
http://alojawebapps.us.es/centrosdptos/pdi/pdi.php?pdi=4209,Innovación e Inteligencia Natural,http://alojawebapps.us.es/centrosdptos/titulaciones/asignatura.php?codasig=50630037,8,2026-05-10T08:56:00+00:00
http://alojawebapps.us.es/centrosdptos/pdi/pdi.php?pdi=4209,Dirección Estratégica de Negocios,http://alojawebapps.us.es/centrosdptos/titulaciones/asignatura.php?codasig=52010010,9,2026-05-10T08:56:00+00:00
http://alojawebapps.us.es/centrosdptos/pdi/pdi.php?pdi=4522,Dirección de Recursos Humanos I,http://alojawebapps.us.es/centrosdptos/titulaciones/asignatura.php?codasig=1510024,1,2026-05-10T08:56:01+00:00
http://alojawebapps.us.es/centrosdptos/pdi/pdi.php?pdi=4522,Prácticas en Empresas,http://alojawebapps.us.es/centrosdptos/titulaciones/asignatura.php?codasig=1510046,2,2026-05-10T08:56:01+00:00
http://alojawebapps.us.es/centrosdptos/pdi/pdi.php?pdi=4522,Fundamentos de Economía de la Empresa,http://alojawebapps.us.es/centrosdptos/titulaciones/asignatura.php?codasig=1610005,3,2026-05-10T08:56:01+00:00
http://alojawebapps.us.es/centrosdptos/pdi/pdi.php?pdi=4522,Prácticas,http://alojawebapps.us.es/centrosdptos/titulaciones/asignatura.php?codasig=1610045,4,2026-05-10T08:56:01+00:00
http://alojawebapps.us.es/centrosdptos/pdi/pdi.php?pdi=4522,Responsabilidad Social y Ética Empresarial,http://alojawebapps.us.es/centrosdptos/titulaciones/asignatura.php?codasig=1610028,5,2026-05-10T08:56:01+00:00
http://alojawebapps.us.es/centrosdptos/pdi/pdi.php?pdi=4522,Dirección y Gestión de los Recursos Humanos,http://alojawebapps.us.es/centrosdptos/titulaciones/asignatura.php?codasig=1780014,6,2026-05-10T08:56:01+00:00
http://alojawebapps.us.es/centrosdptos/pdi/pdi.php?pdi=4522,Organización del Trabajo,http://alojawebapps.us.es/centrosdptos/titulaciones/asignatura.php?codasig=1780019,7,2026-05-10T08:56:01+00:00
http://alojawebapps.us.es/centrosdptos/pdi/pdi.php?pdi=4522,Prácticum,http://alojawebapps.us.es/centrosdptos/titulaciones/asignatura.php?codasig=1780044,8,2026-05-10T08:56:01+00:00
http://alojawebapps.us.es/centrosdptos/pdi/pdi.php?pdi=4522,Prácticas en Empresas (ADE),http://alojawebapps.us.es/centrosdptos/titulaciones/asignatura.php?codasig=1860062,9,2026-05-10T08:56:01+00:00
http://alojawebapps.us.es/centrosdptos/pdi/pdi.php?pdi=4522,Trabajo Fin de Grado,http://alojawebapps.us.es/centrosdptos/titulaciones/asignatura.php?codasig=1870055,10,2026-05-10T08:56:01+00:00
http://alojawebapps.us.es/centrosdptos/pdi/pdi.php?pdi=4522,Responsabilidad Social y Ética Empresarial,http://alojawebapps.us.es/centrosdptos/titulaciones/asignatura.php?codasig=2200057,11,2026-05-10T08:56:01+00:00
http://alojawebapps.us.es/centrosdptos/pdi/pdi.php?pdi=4522,Trabajo Fin de Grado,http://alojawebapps.us.es/centrosdptos/titulaciones/asignatura.php?codasig=2200058,12,2026-05-10T08:56:01+00:00
http://alojawebapps.us.es/centrosdptos/pdi/pdi.php?pdi=4522,Gestión de Empresas,http://alojawebapps.us.es/centrosdptos/titulaciones/asignatura.php?codasig=2260009,13,2026-05-10T08:56:01+00:00
http://alojawebapps.us.es/centrosdptos/pdi/pdi.php?pdi=4522,Fundamentos de Economía de la Empresa,http://alojawebapps.us.es/centrosdptos/titulaciones/asignatura.php?codasig=2290006,14,2026-05-10T08:56:01+00:00
http://alojawebapps.us.es/centrosdptos/pdi/pdi.php?pdi=4522,Trabajo Fin de Grado,http://alojawebapps.us.es/centrosdptos/titulaciones/asignatura.php?codasig=2600057,15,2026-05-10T08:56:01+00:00
http://alojawebapps.us.es/centrosdptos/pdi/pdi.php?pdi=4522,Alta Dirección de Empresas Turísticas,http://alojawebapps.us.es/centrosdptos/titulaciones/asignatura.php?codasig=50630008,16,2026-05-10T08:56:01+00:00
http://alojawebapps.us.es/centrosdptos/pdi/pdi.php?pdi=4522,Trabajo Fin de Máster,http://alojawebapps.us.es/centrosdptos/titulaciones/asignatura.php?codasig=50630035,17,2026-05-10T08:56:01+00:00
http://alojawebapps.us.es/centrosdptos/pdi/pdi.php?pdi=4522,Trabajo Fin de Máster,http://alojawebapps.us.es/centrosdptos/titulaciones/asignatura.php?codasig=51870019,18,2026-05-10T08:56:01+00:00
http://alojawebapps.us.es/centrosdptos/pdi/pdi.php?pdi=9162,Investigación de Mercados Turísticos,http://alojawebapps.us.es/centrosdptos/titulaciones/asignatura.php?codasig=1790030,1,2026-05-10T08:56:01+00:00
http://alojawebapps.us.es/centrosdptos/pdi/pdi.php?pdi=9162,Comunicación Comercial,http://alojawebapps.us.es/centrosdptos/titulaciones/asignatura.php?codasig=1800054,2,2026-05-10T08:56:01+00:00
http://alojawebapps.us.es/centrosdptos/pdi/pdi.php?pdi=9162,Investigación de Mercados Turísticos,http://alojawebapps.us.es/centrosdptos/titulaciones/asignatura.php?codasig=2600030,3,2026-05-10T08:56:01+00:00
http://alojawebapps.us.es/centrosdptos/pdi/pdi.php?pdi=3997,Dirección Comercial,http://alojawebapps.us.es/centrosdptos/titulaciones/asignatura.php?codasig=1800023,1,2026-05-10T08:56:02+00:00
http://alojawebapps.us.es/centrosdptos/pdi/pdi.php?pdi=3997,Marketing Internacional,http://alojawebapps.us.es/centrosdptos/titulaciones/asignatura.php?codasig=1800039,2,2026-05-10T08:56:02+00:00
http://alojawebapps.us.es/centrosdptos/pdi/pdi.php?pdi=3997,Prácticas,http://alojawebapps.us.es/centrosdptos/titulaciones/asignatura.php?codasig=1800046,3,2026-05-10T08:56:02+00:00
http://alojawebapps.us.es/centrosdptos/pdi/pdi.php?pdi=3997,Trabajo Fin de Grado,http://alojawebapps.us.es/centrosdptos/titulaciones/asignatura.php?codasig=1800048,4,2026-05-10T08:56:02+00:00
http://alojawebapps.us.es/centrosdptos/pdi/pdi.php?pdi=3997,Problemática Real de la Internacionalizac. de las Empresas. Actitud Emprendedora hacia los Mercad.In,http://alojawebapps.us.es/centrosdptos/titulaciones/asignatura.php?codasig=51870015,5,2026-05-10T08:56:02+00:00
http://alojawebapps.us.es/centrosdptos/pdi/pdi.php?pdi=3997,Problemática Real de la Internacionalización de las Empresas. Actitud Emprendedora hacia los Mercad,http://alojawebapps.us.es/centrosdptos/titulaciones/asignatura.php?codasig=51910036,6,2026-05-10T08:56:02+00:00
http://alojawebapps.us.es/centrosdptos/pdi/pdi.php?pdi=17756,Administración de Empresas,http://alojawebapps.us.es/centrosdptos/titulaciones/asignatura.php?codasig=1510011,1,2026-05-10T08:56:03+00:00
http://alojawebapps.us.es/centrosdptos/pdi/pdi.php?pdi=17756,Dirección y Organización de Empresas Turísticas,http://alojawebapps.us.es/centrosdptos/titulaciones/asignatura.php?codasig=1790015,2,2026-05-10T08:56:03+00:00
http://alojawebapps.us.es/centrosdptos/pdi/pdi.php?pdi=17756,Empresas y Organizaciones Turísticas,http://alojawebapps.us.es/centrosdptos/titulaciones/asignatura.php?codasig=1790004,3,2026-05-10T08:56:03+00:00
http://alojawebapps.us.es/centrosdptos/pdi/pdi.php?pdi=17756,Dirección y Organización de Empresas Turísticas,http://alojawebapps.us.es/centrosdptos/titulaciones/asignatura.php?codasig=2600014,4,2026-05-10T08:56:03+00:00
http://alojawebapps.us.es/centrosdptos/pdi/pdi.php?pdi=17756,Empresas y Organizaciones Turísticas,http://alojawebapps.us.es/centrosdptos/titulaciones/asignatura.php?codasig=2600004,5,2026-05-10T08:56:03+00:00
http://alojawebapps.us.es/centrosdptos/pdi/pdi.php?pdi=17756,Trabajo Fin de Grado,http://alojawebapps.us.es/centrosdptos/titulaciones/asignatura.php?codasig=2600057,6,2026-05-10T08:56:03+00:00
http://alojawebapps.us.es/centrosdptos/pdi/pdi.php?pdi=17756,Administración de Empresas,http://alojawebapps.us.es/centrosdptos/titulaciones/asignatura.php?codasig=2610011,7,2026-05-10T08:56:03+00:00
http://alojawebapps.us.es/centrosdptos/pdi/pdi.php?pdi=17756,Dirección y Organización de Empresas Turísticas,http://alojawebapps.us.es/centrosdptos/titulaciones/asignatura.php?codasig=2630018,8,2026-05-10T08:56:03+00:00
http://alojawebapps.us.es/centrosdptos/pdi/pdi.php?pdi=17756,Empresas y Organizaciones Turísticas,http://alojawebapps.us.es/centrosdptos/titulaciones/asignatura.php?codasig=2630005,9,2026-05-10T08:56:03+00:00
http://alojawebapps.us.es/centrosdptos/pdi/pdi.php?pdi=14855,Dirección Comercial,http://alojawebapps.us.es/centrosdptos/titulaciones/asignatura.php?codasig=1510023,1,2026-05-10T08:56:03+00:00
http://alojawebapps.us.es/centrosdptos/pdi/pdi.php?pdi=14855,Introducción al Marketing,http://alojawebapps.us.es/centrosdptos/titulaciones/asignatura.php?codasig=1510008,2,2026-05-10T08:56:03+00:00
http://alojawebapps.us.es/centrosdptos/pdi/pdi.php?pdi=14855,Trabajo Fin de Grado,http://alojawebapps.us.es/centrosdptos/titulaciones/asignatura.php?codasig=1510048,3,2026-05-10T08:56:03+00:00
http://alojawebapps.us.es/centrosdptos/pdi/pdi.php?pdi=14855,Introducción al Marketing,http://alojawebapps.us.es/centrosdptos/titulaciones/asignatura.php?codasig=1860011,4,2026-05-10T08:56:03+00:00
http://alojawebapps.us.es/centrosdptos/pdi/pdi.php?pdi=14855,Introducción al Marketing,http://alojawebapps.us.es/centrosdptos/titulaciones/asignatura.php?codasig=2340014,5,2026-05-10T08:56:03+00:00
http://alojawebapps.us.es/centrosdptos/pdi/pdi.php?pdi=14855,Introducción al Marketing,http://alojawebapps.us.es/centrosdptos/titulaciones/asignatura.php?codasig=2610008,6,2026-05-10T08:56:03+00:00
http://alojawebapps.us.es/centrosdptos/pdi/pdi.php?pdi=14855,Introducción al Marketing,http://alojawebapps.us.es/centrosdptos/titulaciones/asignatura.php?codasig=2660008,7,2026-05-10T08:56:03+00:00
http://alojawebapps.us.es/centrosdptos/pdi/pdi.php?pdi=14855,El Comportamiento del Consumidor: Análisis de la Heterogeneidad del Mercado,http://alojawebapps.us.es/centrosdptos/titulaciones/asignatura.php?codasig=50850012,8,2026-05-10T08:56:03+00:00
http://alojawebapps.us.es/centrosdptos/pdi/pdi.php?pdi=14855,Trabajo Fin de Master,http://alojawebapps.us.es/centrosdptos/titulaciones/asignatura.php?codasig=50850021,9,2026-05-10T08:56:03+00:00
http://alojawebapps.us.es/centrosdptos/pdi/pdi.php?pdi=12567,Habilidades Directivas,http://alojawebapps.us.es/centrosdptos/titulaciones/asignatura.php?codasig=1510042,1,2026-05-10T08:56:05+00:00
http://alojawebapps.us.es/centrosdptos/pdi/pdi.php?pdi=12567,Trabajo Fin de Grado,http://alojawebapps.us.es/centrosdptos/titulaciones/asignatura.php?codasig=1510048,2,2026-05-10T08:56:05+00:00
http://alojawebapps.us.es/centrosdptos/pdi/pdi.php?pdi=12567,Dirección y Organización,http://alojawebapps.us.es/centrosdptos/titulaciones/asignatura.php?codasig=1610014,3,2026-05-10T08:56:05+00:00
http://alojawebapps.us.es/centrosdptos/pdi/pdi.php?pdi=12567,Trabajo Fin de Grado,http://alojawebapps.us.es/centrosdptos/titulaciones/asignatura.php?codasig=1610049,4,2026-05-10T08:56:05+00:00
http://alojawebapps.us.es/centrosdptos/pdi/pdi.php?pdi=12567,Dirección y Organización,http://alojawebapps.us.es/centrosdptos/titulaciones/asignatura.php?codasig=2290035,5,2026-05-10T08:56:05+00:00
http://alojawebapps.us.es/centrosdptos/pdi/pdi.php?pdi=12567,Administración y Gestión de Empresas Deportivas,http://alojawebapps.us.es/centrosdptos/titulaciones/asignatura.php?codasig=2540023,6,2026-05-10T08:56:05+00:00
http://alojawebapps.us.es/centrosdptos/pdi/pdi.php?pdi=12567,Administración y Gestión de Empresas Deportivas,http://alojawebapps.us.es/centrosdptos/titulaciones/asignatura.php?codasig=2550038,7,2026-05-10T08:56:05+00:00
http://alojawebapps.us.es/centrosdptos/pdi/pdi.php?pdi=6098,Prácticum,http://alojawebapps.us.es/centrosdptos/titulaciones/asignatura.php?codasig=1780044,1,2026-05-10T08:56:06+00:00
http://alojawebapps.us.es/centrosdptos/pdi/pdi.php?pdi=6098,Trabajo Fin de Grado,http://alojawebapps.us.es/centrosdptos/titulaciones/asignatura.php?codasig=1870055,2,2026-05-10T08:56:06+00:00
http://alojawebapps.us.es/centrosdptos/pdi/pdi.php?pdi=6098,Creación de Empresas,http://alojawebapps.us.es/centrosdptos/titulaciones/asignatura.php?codasig=2200049,3,2026-05-10T08:56:06+00:00
http://alojawebapps.us.es/centrosdptos/pdi/pdi.php?pdi=6098,Trabajo Fin de Grado,http://alojawebapps.us.es/centrosdptos/titulaciones/asignatura.php?codasig=2200058,4,2026-05-10T08:56:06+00:00
http://alojawebapps.us.es/centrosdptos/pdi/pdi.php?pdi=6098,Gestión de Empresas,http://alojawebapps.us.es/centrosdptos/titulaciones/asignatura.php?codasig=2260009,5,2026-05-10T08:56:06+00:00
http://alojawebapps.us.es/centrosdptos/pdi/pdi.php?pdi=6098,Creación de Empresas,http://alojawebapps.us.es/centrosdptos/titulaciones/asignatura.php?codasig=2290060,6,2026-05-10T08:56:06+00:00
http://alojawebapps.us.es/centrosdptos/pdi/pdi.php?pdi=6098,Trabajo de Fin de Grado,http://alojawebapps.us.es/centrosdptos/titulaciones/asignatura.php?codasig=2290064,7,2026-05-10T08:56:06+00:00
http://alojawebapps.us.es/centrosdptos/pdi/pdi.php?pdi=6098,Dirección de los Recursos Humanos en Organizaciones Turísticas,http://alojawebapps.us.es/centrosdptos/titulaciones/asignatura.php?codasig=50630003,8,2026-05-10T08:56:06+00:00
http://alojawebapps.us.es/centrosdptos/pdi/pdi.php?pdi=17657,Dirección y Organización de Empresas Turísticas,http://alojawebapps.us.es/centrosdptos/titulaciones/asignatura.php?codasig=1790015,1,2026-05-10T08:56:06+00:00
http://alojawebapps.us.es/centrosdptos/pdi/pdi.php?pdi=17657,Fundamentos de Economía de la Empresa,http://alojawebapps.us.es/centrosdptos/titulaciones/asignatura.php?codasig=2290006,2,2026-05-10T08:56:06+00:00
http://alojawebapps.us.es/centrosdptos/pdi/pdi.php?pdi=17657,Dirección y Organización de Empresas Turísticas,http://alojawebapps.us.es/centrosdptos/titulaciones/asignatura.php?codasig=2600014,3,2026-05-10T08:56:06+00:00
http://alojawebapps.us.es/centrosdptos/pdi/pdi.php?pdi=17657,Dirección y Organización de Empresas Turísticas,http://alojawebapps.us.es/centrosdptos/titulaciones/asignatura.php?codasig=2630018,4,2026-05-10T08:56:06+00:00
http://alojawebapps.us.es/centrosdptos/pdi/pdi.php?pdi=18246,Distribución Comercial,http://alojawebapps.us.es/centrosdptos/titulaciones/asignatura.php?codasig=1510039,1,2026-05-10T08:56:07+00:00
http://alojawebapps.us.es/centrosdptos/pdi/pdi.php?pdi=18246,Introducción al Marketing,http://alojawebapps.us.es/centrosdptos/titulaciones/asignatura.php?codasig=1560008,2,2026-05-10T08:56:07+00:00
http://alojawebapps.us.es/centrosdptos/pdi/pdi.php?pdi=18246,Trabajo Fin de Grado,http://alojawebapps.us.es/centrosdptos/titulaciones/asignatura.php?codasig=1560049,3,2026-05-10T08:56:07+00:00
http://alojawebapps.us.es/centrosdptos/pdi/pdi.php?pdi=18246,Dirección Comercial,http://alojawebapps.us.es/centrosdptos/titulaciones/asignatura.php?codasig=1860048,4,2026-05-10T08:56:07+00:00
http://alojawebapps.us.es/centrosdptos/pdi/pdi.php?pdi=18246,Trabajo Fin de Grado,http://alojawebapps.us.es/centrosdptos/titulaciones/asignatura.php?codasig=1860063,5,2026-05-10T08:56:07+00:00
http://alojawebapps.us.es/centrosdptos/pdi/pdi.php?pdi=18246,Realización del TFM,http://alojawebapps.us.es/centrosdptos/titulaciones/asignatura.php?codasig=52150014,6,2026-05-10T08:56:07+00:00
http://alojawebapps.us.es/centrosdptos/pdi/pdi.php?pdi=15082,Administración de Empresas,http://alojawebapps.us.es/centrosdptos/titulaciones/asignatura.php?codasig=1780001,1,2026-05-10T08:56:08+00:00
http://alojawebapps.us.es/centrosdptos/pdi/pdi.php?pdi=15082,Organización del Trabajo,http://alojawebapps.us.es/centrosdptos/titulaciones/asignatura.php?codasig=1780019,2,2026-05-10T08:56:08+00:00
http://alojawebapps.us.es/centrosdptos/pdi/pdi.php?pdi=15082,Prácticum,http://alojawebapps.us.es/centrosdptos/titulaciones/asignatura.php?codasig=1780044,3,2026-05-10T08:56:08+00:00
http://alojawebapps.us.es/centrosdptos/pdi/pdi.php?pdi=15082,Trabajo Fin de Grado,http://alojawebapps.us.es/centrosdptos/titulaciones/asignatura.php?codasig=1780047,4,2026-05-10T08:56:08+00:00
http://alojawebapps.us.es/centrosdptos/pdi/pdi.php?pdi=15082,Administración de Empresas,http://alojawebapps.us.es/centrosdptos/titulaciones/asignatura.php?codasig=2200001,5,2026-05-10T08:56:08+00:00
http://alojawebapps.us.es/centrosdptos/pdi/pdi.php?pdi=15082,Trabajo Fin de Máster,http://alojawebapps.us.es/centrosdptos/titulaciones/asignatura.php?codasig=51870019,6,2026-05-10T08:56:08+00:00
http://alojawebapps.us.es/centrosdptos/pdi/pdi.php?pdi=3513,Dirección de RR.HH. II,http://alojawebapps.us.es/centrosdptos/titulaciones/asignatura.php?codasig=1510035,1,2026-05-10T08:56:08+00:00
http://alojawebapps.us.es/centrosdptos/pdi/pdi.php?pdi=3513,Gestión de los Recursos Humanos en el Sector Turístico,http://alojawebapps.us.es/centrosdptos/titulaciones/asignatura.php?codasig=1790028,2,2026-05-10T08:56:08+00:00
http://alojawebapps.us.es/centrosdptos/pdi/pdi.php?pdi=3513,Gestión de los Recursos Humanos en el Sector Turístico,http://alojawebapps.us.es/centrosdptos/titulaciones/asignatura.php?codasig=2600028,3,2026-05-10T08:56:08+00:00
http://alojawebapps.us.es/centrosdptos/pdi/pdi.php?pdi=6309,Creación de Empresas,http://alojawebapps.us.es/centrosdptos/titulaciones/asignatura.php?codasig=1510034,1,2026-05-10T08:56:09+00:00
http://alojawebapps.us.es/centrosdptos/pdi/pdi.php?pdi=6309,Introducción a la Economía de la Empresa (Organización),http://alojawebapps.us.es/centrosdptos/titulaciones/asignatura.php?codasig=1510007,2,2026-05-10T08:56:09+00:00
http://alojawebapps.us.es/centrosdptos/pdi/pdi.php?pdi=6309,Prácticas en Empresas,http://alojawebapps.us.es/centrosdptos/titulaciones/asignatura.php?codasig=1510046,3,2026-05-10T08:56:09+00:00
http://alojawebapps.us.es/centrosdptos/pdi/pdi.php?pdi=6309,Trabajo Fin de Grado,http://alojawebapps.us.es/centrosdptos/titulaciones/asignatura.php?codasig=1510048,4,2026-05-10T08:56:09+00:00
http://alojawebapps.us.es/centrosdptos/pdi/pdi.php?pdi=6309,Introducción a la Economía de la Empresa,http://alojawebapps.us.es/centrosdptos/titulaciones/asignatura.php?codasig=1560007,5,2026-05-10T08:56:09+00:00
http://alojawebapps.us.es/centrosdptos/pdi/pdi.php?pdi=6309,Trabajo Fin de Grado,http://alojawebapps.us.es/centrosdptos/titulaciones/asignatura.php?codasig=1560049,6,2026-05-10T08:56:09+00:00
http://alojawebapps.us.es/centrosdptos/pdi/pdi.php?pdi=6309,Dirección Estratégica,http://alojawebapps.us.es/centrosdptos/titulaciones/asignatura.php?codasig=1800013,7,2026-05-10T08:56:09+00:00
http://alojawebapps.us.es/centrosdptos/pdi/pdi.php?pdi=6309,Prácticas,http://alojawebapps.us.es/centrosdptos/titulaciones/asignatura.php?codasig=1800046,8,2026-05-10T08:56:09+00:00
http://alojawebapps.us.es/centrosdptos/pdi/pdi.php?pdi=6309,Creación de Empresas,http://alojawebapps.us.es/centrosdptos/titulaciones/asignatura.php?codasig=1860054,9,2026-05-10T08:56:09+00:00
http://alojawebapps.us.es/centrosdptos/pdi/pdi.php?pdi=6309,Introducción a la Economía de la Empresa (Organización),http://alojawebapps.us.es/centrosdptos/titulaciones/asignatura.php?codasig=2610007,10,2026-05-10T08:56:09+00:00
http://alojawebapps.us.es/centrosdptos/pdi/pdi.php?pdi=17704,Marketing,http://alojawebapps.us.es/centrosdptos/titulaciones/asignatura.php?codasig=1610017,1,2026-05-10T08:56:10+00:00
http://alojawebapps.us.es/centrosdptos/pdi/pdi.php?pdi=17704,Trabajo Fin de Grado,http://alojawebapps.us.es/centrosdptos/titulaciones/asignatura.php?codasig=1610049,2,2026-05-10T08:56:10+00:00
http://alojawebapps.us.es/centrosdptos/pdi/pdi.php?pdi=17704,Investigación de Mercados Turísticos,http://alojawebapps.us.es/centrosdptos/titulaciones/asignatura.php?codasig=1790030,3,2026-05-10T08:56:10+00:00
http://alojawebapps.us.es/centrosdptos/pdi/pdi.php?pdi=17704,Investigación de Mercados II,http://alojawebapps.us.es/centrosdptos/titulaciones/asignatura.php?codasig=1800029,4,2026-05-10T08:56:10+00:00
http://alojawebapps.us.es/centrosdptos/pdi/pdi.php?pdi=17704,Investigación de Mercados Turísticos,http://alojawebapps.us.es/centrosdptos/titulaciones/asignatura.php?codasig=2600030,5,2026-05-10T08:56:10+00:00
http://alojawebapps.us.es/centrosdptos/pdi/pdi.php?pdi=17577,Dirección de Recursos Humanos I,http://alojawebapps.us.es/centrosdptos/titulaciones/asignatura.php?codasig=1510024,1,2026-05-10T08:56:11+00:00
http://alojawebapps.us.es/centrosdptos/pdi/pdi.php?pdi=17577,Prácticas en Empresas,http://alojawebapps.us.es/centrosdptos/titulaciones/asignatura.php?codasig=1510046,2,2026-05-10T08:56:11+00:00
http://alojawebapps.us.es/centrosdptos/pdi/pdi.php?pdi=17577,Trabajo Fin de Grado,http://alojawebapps.us.es/centrosdptos/titulaciones/asignatura.php?codasig=1510048,3,2026-05-10T08:56:11+00:00
http://alojawebapps.us.es/centrosdptos/pdi/pdi.php?pdi=17577,Gestión de Recursos Humanos y Habilidades Directivas,http://alojawebapps.us.es/centrosdptos/titulaciones/asignatura.php?codasig=1610042,4,2026-05-10T08:56:11+00:00
http://alojawebapps.us.es/centrosdptos/pdi/pdi.php?pdi=17577,Prácticas,http://alojawebapps.us.es/centrosdptos/titulaciones/asignatura.php?codasig=1610045,5,2026-05-10T08:56:11+00:00
http://alojawebapps.us.es/centrosdptos/pdi/pdi.php?pdi=17577,Dirección y Gestión de los Recursos Humanos,http://alojawebapps.us.es/centrosdptos/titulaciones/asignatura.php?codasig=1780014,6,2026-05-10T08:56:11+00:00
http://alojawebapps.us.es/centrosdptos/pdi/pdi.php?pdi=17577,Trabajo Fin de Grado,http://alojawebapps.us.es/centrosdptos/titulaciones/asignatura.php?codasig=1780047,7,2026-05-10T08:56:11+00:00
http://alojawebapps.us.es/centrosdptos/pdi/pdi.php?pdi=18260,Introducción al Marketing,http://alojawebapps.us.es/centrosdptos/titulaciones/asignatura.php?codasig=1510008,1,2026-05-10T08:56:11+00:00
http://alojawebapps.us.es/centrosdptos/pdi/pdi.php?pdi=18260,Trabajo Fin de Grado,http://alojawebapps.us.es/centrosdptos/titulaciones/asignatura.php?codasig=1510048,2,2026-05-10T08:56:11+00:00
http://alojawebapps.us.es/centrosdptos/pdi/pdi.php?pdi=18260,Comunicación Digital,http://alojawebapps.us.es/centrosdptos/titulaciones/asignatura.php?codasig=1800049,3,2026-05-10T08:56:11+00:00
http://alojawebapps.us.es/centrosdptos/pdi/pdi.php?pdi=18260,Introducción al Marketing,http://alojawebapps.us.es/centrosdptos/titulaciones/asignatura.php?codasig=1800008,4,2026-05-10T08:56:11+00:00
http://alojawebapps.us.es/centrosdptos/pdi/pdi.php?pdi=18260,Marketing Online,http://alojawebapps.us.es/centrosdptos/titulaciones/asignatura.php?codasig=1800052,5,2026-05-10T08:56:11+00:00
http://alojawebapps.us.es/centrosdptos/pdi/pdi.php?pdi=18260,Trabajo Fin de Grado,http://alojawebapps.us.es/centrosdptos/titulaciones/asignatura.php?codasig=1800048,6,2026-05-10T08:56:11+00:00
http://alojawebapps.us.es/centrosdptos/pdi/pdi.php?pdi=18260,Introducción al Marketing,http://alojawebapps.us.es/centrosdptos/titulaciones/asignatura.php?codasig=2610008,7,2026-05-10T08:56:11+00:00
http://alojawebapps.us.es/centrosdptos/pdi/pdi.php?pdi=18260,Realización del TFM,http://alojawebapps.us.es/centrosdptos/titulaciones/asignatura.php?codasig=52150014,8,2026-05-10T08:56:11+00:00
http://alojawebapps.us.es/centrosdptos/pdi/pdi.php?pdi=16695,Administración de Empresas,http://alojawebapps.us.es/centrosdptos/titulaciones/asignatura.php?codasig=1510011,1,2026-05-10T08:56:12+00:00
http://alojawebapps.us.es/centrosdptos/pdi/pdi.php?pdi=16695,Administración de Recursos Humanos por Competencias y Ocupaciones,http://alojawebapps.us.es/centrosdptos/titulaciones/asignatura.php?codasig=1780011,2,2026-05-10T08:56:12+00:00
http://alojawebapps.us.es/centrosdptos/pdi/pdi.php?pdi=16695,Administración de Empresas,http://alojawebapps.us.es/centrosdptos/titulaciones/asignatura.php?codasig=2610011,3,2026-05-10T08:56:12+00:00
http://alojawebapps.us.es/centrosdptos/pdi/pdi.php?pdi=5420,Administración de Empresas,http://alojawebapps.us.es/centrosdptos/titulaciones/asignatura.php?codasig=1860016,1,2026-05-10T08:56:13+00:00
http://alojawebapps.us.es/centrosdptos/pdi/pdi.php?pdi=5420,Trabajo Fin de Grado,http://alojawebapps.us.es/centrosdptos/titulaciones/asignatura.php?codasig=1860063,2,2026-05-10T08:56:13+00:00
http://alojawebapps.us.es/centrosdptos/pdi/pdi.php?pdi=5420,Dirección Estratégica de los Recursos Humanos,http://alojawebapps.us.es/centrosdptos/titulaciones/asignatura.php?codasig=50850001,3,2026-05-10T08:56:13+00:00
http://alojawebapps.us.es/centrosdptos/pdi/pdi.php?pdi=11959,Administración de Empresas,http://alojawebapps.us.es/centrosdptos/titulaciones/asignatura.php?codasig=1510011,1,2026-05-10T08:56:14+00:00
http://alojawebapps.us.es/centrosdptos/pdi/pdi.php?pdi=11959,Organización de Empresas II,http://alojawebapps.us.es/centrosdptos/titulaciones/asignatura.php?codasig=1510018,2,2026-05-10T08:56:14+00:00
http://alojawebapps.us.es/centrosdptos/pdi/pdi.php?pdi=11959,Trabajo Fin de Grado,http://alojawebapps.us.es/centrosdptos/titulaciones/asignatura.php?codasig=1510048,3,2026-05-10T08:56:14+00:00
http://alojawebapps.us.es/centrosdptos/pdi/pdi.php?pdi=11959,Organización de Empresas II,http://alojawebapps.us.es/centrosdptos/titulaciones/asignatura.php?codasig=1860029,4,2026-05-10T08:56:14+00:00
http://alojawebapps.us.es/centrosdptos/pdi/pdi.php?pdi=11959,Trabajo Fin de Grado,http://alojawebapps.us.es/centrosdptos/titulaciones/asignatura.php?codasig=1860063,5,2026-05-10T08:56:14+00:00
http://alojawebapps.us.es/centrosdptos/pdi/pdi.php?pdi=11959,Administración de Empresas,http://alojawebapps.us.es/centrosdptos/titulaciones/asignatura.php?codasig=2610011,6,2026-05-10T08:56:14+00:00
http://alojawebapps.us.es/centrosdptos/pdi/pdi.php?pdi=11959,Organización de Empresas II,http://alojawebapps.us.es/centrosdptos/titulaciones/asignatura.php?codasig=2610019,7,2026-05-10T08:56:14+00:00
http://alojawebapps.us.es/centrosdptos/pdi/pdi.php?pdi=11959,Prácticum,http://alojawebapps.us.es/centrosdptos/titulaciones/asignatura.php?codasig=51770018,8,2026-05-10T08:56:14+00:00
http://alojawebapps.us.es/centrosdptos/pdi/pdi.php?pdi=11959,Sistemas de Información y Gestión del Conocimiento,http://alojawebapps.us.es/centrosdptos/titulaciones/asignatura.php?codasig=51770021,9,2026-05-10T08:56:14+00:00
http://alojawebapps.us.es/centrosdptos/pdi/pdi.php?pdi=11959,Trabajo Fin de Máster,http://alojawebapps.us.es/centrosdptos/titulaciones/asignatura.php?codasig=51770023,10,2026-05-10T08:56:14+00:00
http://alojawebapps.us.es/centrosdptos/pdi/pdi.php?pdi=11959,Sistemas de Información y Gestión del Conocimiento,http://alojawebapps.us.es/centrosdptos/titulaciones/asignatura.php?codasig=51910024,11,2026-05-10T08:56:14+00:00
http://alojawebapps.us.es/centrosdptos/pdi/pdi.php?pdi=11959,Artificial Intelligence Application in Human Resource Management,http://alojawebapps.us.es/centrosdptos/titulaciones/asignatura.php?codasig=52340019,12,2026-05-10T08:56:14+00:00
http://alojawebapps.us.es/centrosdptos/pdi/pdi.php?pdi=14856,Distribución Comercial,http://alojawebapps.us.es/centrosdptos/titulaciones/asignatura.php?codasig=1510039,1,2026-05-10T08:56:14+00:00
http://alojawebapps.us.es/centrosdptos/pdi/pdi.php?pdi=14856,Prácticas en Empresas,http://alojawebapps.us.es/centrosdptos/titulaciones/asignatura.php?codasig=1510046,2,2026-05-10T08:56:14+00:00
http://alojawebapps.us.es/centrosdptos/pdi/pdi.php?pdi=14856,Trabajo Fin de Grado,http://alojawebapps.us.es/centrosdptos/titulaciones/asignatura.php?codasig=1510048,3,2026-05-10T08:56:14+00:00
http://alojawebapps.us.es/centrosdptos/pdi/pdi.php?pdi=14856,Comportamiento del Consumidor,http://alojawebapps.us.es/centrosdptos/titulaciones/asignatura.php?codasig=1800032,4,2026-05-10T08:56:14+00:00
http://alojawebapps.us.es/centrosdptos/pdi/pdi.php?pdi=14856,Distribución Comercial I,http://alojawebapps.us.es/centrosdptos/titulaciones/asignatura.php?codasig=1800026,5,2026-05-10T08:56:14+00:00
http://alojawebapps.us.es/centrosdptos/pdi/pdi.php?pdi=14856,Prácticas,http://alojawebapps.us.es/centrosdptos/titulaciones/asignatura.php?codasig=1800046,6,2026-05-10T08:56:14+00:00
http://alojawebapps.us.es/centrosdptos/pdi/pdi.php?pdi=14856,Realización del TFM,http://alojawebapps.us.es/centrosdptos/titulaciones/asignatura.php?codasig=52150014,7,2026-05-10T08:56:14+00:00
http://alojawebapps.us.es/centrosdptos/pdi/pdi.php?pdi=5755,Investigación de Mercados Turísticos,http://alojawebapps.us.es/centrosdptos/titulaciones/asignatura.php?codasig=1790030,1,2026-05-10T08:56:15+00:00
http://alojawebapps.us.es/centrosdptos/pdi/pdi.php?pdi=5755,Investigación de Mercados II,http://alojawebapps.us.es/centrosdptos/titulaciones/asignatura.php?codasig=1800029,2,2026-05-10T08:56:15+00:00
http://alojawebapps.us.es/centrosdptos/pdi/pdi.php?pdi=5755,Prácticas,http://alojawebapps.us.es/centrosdptos/titulaciones/asignatura.php?codasig=1800046,3,2026-05-10T08:56:15+00:00
http://alojawebapps.us.es/centrosdptos/pdi/pdi.php?pdi=5755,Investigación de Mercados Turísticos,http://alojawebapps.us.es/centrosdptos/titulaciones/asignatura.php?codasig=2600030,4,2026-05-10T08:56:15+00:00
http://alojawebapps.us.es/centrosdptos/pdi/pdi.php?pdi=5755,Practicum en Empresas Turísticas,http://alojawebapps.us.es/centrosdptos/titulaciones/asignatura.php?codasig=2600047,5,2026-05-10T08:56:15+00:00
http://alojawebapps.us.es/centrosdptos/pdi/pdi.php?pdi=5755,Practicum en Organizaciones de Destino,http://alojawebapps.us.es/centrosdptos/titulaciones/asignatura.php?codasig=2600049,6,2026-05-10T08:56:15+00:00
http://alojawebapps.us.es/centrosdptos/pdi/pdi.php?pdi=5755,Trabajo Fin de Grado,http://alojawebapps.us.es/centrosdptos/titulaciones/asignatura.php?codasig=2600057,7,2026-05-10T08:56:15+00:00
http://alojawebapps.us.es/centrosdptos/pdi/pdi.php?pdi=5755,Aprendizaje y Enseñanza de las Materias de Hostelería y Turismo,http://alojawebapps.us.es/centrosdptos/titulaciones/asignatura.php?codasig=50440046,8,2026-05-10T08:56:15+00:00
http://alojawebapps.us.es/centrosdptos/pdi/pdi.php?pdi=5755,Complementos de Formación Disciplinar en Hostelería y Turismo,http://alojawebapps.us.es/centrosdptos/titulaciones/asignatura.php?codasig=50440047,9,2026-05-10T08:56:15+00:00
http://alojawebapps.us.es/centrosdptos/pdi/pdi.php?pdi=5755,Prácticas Externas en Hostelería y Turismo (en Centros de Secundaria),http://alojawebapps.us.es/centrosdptos/titulaciones/asignatura.php?codasig=50440096,10,2026-05-10T08:56:15+00:00
http://alojawebapps.us.es/centrosdptos/pdi/pdi.php?pdi=5755,Trabajo Fin de Máster,http://alojawebapps.us.es/centrosdptos/titulaciones/asignatura.php?codasig=50440081,11,2026-05-10T08:56:15+00:00
http://alojawebapps.us.es/centrosdptos/pdi/pdi.php?pdi=5755,Gestión de las Relaciones con el Cliente,http://alojawebapps.us.es/centrosdptos/titulaciones/asignatura.php?codasig=50630016,12,2026-05-10T08:56:15+00:00
http://alojawebapps.us.es/centrosdptos/pdi/pdi.php?pdi=5755,Trabajo Fin de Máster,http://alojawebapps.us.es/centrosdptos/titulaciones/asignatura.php?codasig=50630035,13,2026-05-10T08:56:15+00:00
http://alojawebapps.us.es/centrosdptos/pdi/pdi.php?pdi=5755,Investigación de Marketing,http://alojawebapps.us.es/centrosdptos/titulaciones/asignatura.php?codasig=52150010,14,2026-05-10T08:56:15+00:00
http://alojawebapps.us.es/centrosdptos/pdi/pdi.php?pdi=5755,Realización del TFM,http://alojawebapps.us.es/centrosdptos/titulaciones/asignatura.php?codasig=52150014,15,2026-05-10T08:56:15+00:00
http://alojawebapps.us.es/centrosdptos/pdi/pdi.php?pdi=5526,Investigación de Mercados Turísticos,http://alojawebapps.us.es/centrosdptos/titulaciones/asignatura.php?codasig=1790030,1,2026-05-10T08:56:16+00:00
http://alojawebapps.us.es/centrosdptos/pdi/pdi.php?pdi=5526,Trabajo Fin de Grado,http://alojawebapps.us.es/centrosdptos/titulaciones/asignatura.php?codasig=1790051,2,2026-05-10T08:56:16+00:00
http://alojawebapps.us.es/centrosdptos/pdi/pdi.php?pdi=5526,Investigación de Mercados II,http://alojawebapps.us.es/centrosdptos/titulaciones/asignatura.php?codasig=1800029,3,2026-05-10T08:56:16+00:00
http://alojawebapps.us.es/centrosdptos/pdi/pdi.php?pdi=5526,Prácticas,http://alojawebapps.us.es/centrosdptos/titulaciones/asignatura.php?codasig=1800046,4,2026-05-10T08:56:16+00:00
http://alojawebapps.us.es/centrosdptos/pdi/pdi.php?pdi=5526,Trabajo Fin de Grado,http://alojawebapps.us.es/centrosdptos/titulaciones/asignatura.php?codasig=1800048,5,2026-05-10T08:56:16+00:00
http://alojawebapps.us.es/centrosdptos/pdi/pdi.php?pdi=5526,Investigación de Mercados Turísticos,http://alojawebapps.us.es/centrosdptos/titulaciones/asignatura.php?codasig=2600030,6,2026-05-10T08:56:16+00:00
http://alojawebapps.us.es/centrosdptos/pdi/pdi.php?pdi=5526,Practicum en Organizaciones de Destino,http://alojawebapps.us.es/centrosdptos/titulaciones/asignatura.php?codasig=2600049,7,2026-05-10T08:56:16+00:00
http://alojawebapps.us.es/centrosdptos/pdi/pdi.php?pdi=5526,Aprendizaje y Enseñanza de las Materias de Hostelería y Turismo,http://alojawebapps.us.es/centrosdptos/titulaciones/asignatura.php?codasig=50440046,8,2026-05-10T08:56:16+00:00
http://alojawebapps.us.es/centrosdptos/pdi/pdi.php?pdi=5526,Complementos de Formación Disciplinar en Hostelería y Turismo,http://alojawebapps.us.es/centrosdptos/titulaciones/asignatura.php?codasig=50440047,9,2026-05-10T08:56:16+00:00
http://alojawebapps.us.es/centrosdptos/pdi/pdi.php?pdi=5526,Prácticas Externas en Hostelería y Turismo (en Centros de Secundaria),http://alojawebapps.us.es/centrosdptos/titulaciones/asignatura.php?codasig=50440096,10,2026-05-10T08:56:16+00:00
http://alojawebapps.us.es/centrosdptos/pdi/pdi.php?pdi=5526,Trabajo Fin de Máster,http://alojawebapps.us.es/centrosdptos/titulaciones/asignatura.php?codasig=50440081,11,2026-05-10T08:56:16+00:00
http://alojawebapps.us.es/centrosdptos/pdi/pdi.php?pdi=5526,Gestión de las Relaciones con el Cliente,http://alojawebapps.us.es/centrosdptos/titulaciones/asignatura.php?codasig=50630016,12,2026-05-10T08:56:16+00:00
http://alojawebapps.us.es/centrosdptos/pdi/pdi.php?pdi=5526,Trabajo Fin de Máster,http://alojawebapps.us.es/centrosdptos/titulaciones/asignatura.php?codasig=50630035,13,2026-05-10T08:56:16+00:00
http://alojawebapps.us.es/centrosdptos/pdi/pdi.php?pdi=5526,Investigación de Marketing,http://alojawebapps.us.es/centrosdptos/titulaciones/asignatura.php?codasig=52150010,14,2026-05-10T08:56:16+00:00
http://alojawebapps.us.es/centrosdptos/pdi/pdi.php?pdi=5526,Realización del TFM,http://alojawebapps.us.es/centrosdptos/titulaciones/asignatura.php?codasig=52150014,15,2026-05-10T08:56:16+00:00
http://alojawebapps.us.es/centrosdptos/pdi/pdi.php?pdi=18293,Administración de Empresas,http://alojawebapps.us.es/centrosdptos/titulaciones/asignatura.php?codasig=1510011,1,2026-05-10T08:56:17+00:00
http://alojawebapps.us.es/centrosdptos/pdi/pdi.php?pdi=18293,Trabajo Fin de Grado,http://alojawebapps.us.es/centrosdptos/titulaciones/asignatura.php?codasig=1510048,2,2026-05-10T08:56:17+00:00
http://alojawebapps.us.es/centrosdptos/pdi/pdi.php?pdi=18293,Dirección y Organización de Empresas Turísticas,http://alojawebapps.us.es/centrosdptos/titulaciones/asignatura.php?codasig=1790015,3,2026-05-10T08:56:17+00:00
http://alojawebapps.us.es/centrosdptos/pdi/pdi.php?pdi=18293,Administración de Empresas,http://alojawebapps.us.es/centrosdptos/titulaciones/asignatura.php?codasig=1800011,4,2026-05-10T08:56:17+00:00
http://alojawebapps.us.es/centrosdptos/pdi/pdi.php?pdi=18293,Administración de Empresas Publicitarias,http://alojawebapps.us.es/centrosdptos/titulaciones/asignatura.php?codasig=2110054,5,2026-05-10T08:56:17+00:00
http://alojawebapps.us.es/centrosdptos/pdi/pdi.php?pdi=18293,Dirección y Organización de Empresas Turísticas,http://alojawebapps.us.es/centrosdptos/titulaciones/asignatura.php?codasig=2600014,6,2026-05-10T08:56:17+00:00
http://alojawebapps.us.es/centrosdptos/pdi/pdi.php?pdi=18293,Administración de Empresas,http://alojawebapps.us.es/centrosdptos/titulaciones/asignatura.php?codasig=2610011,7,2026-05-10T08:56:17+00:00
http://alojawebapps.us.es/centrosdptos/pdi/pdi.php?pdi=18293,Dirección y Organización de Empresas Turísticas,http://alojawebapps.us.es/centrosdptos/titulaciones/asignatura.php?codasig=2630018,8,2026-05-10T08:56:17+00:00
http://alojawebapps.us.es/centrosdptos/pdi/pdi.php?pdi=18368,Gestión de la Calidad,http://alojawebapps.us.es/centrosdptos/titulaciones/asignatura.php?codasig=1510041,1,2026-05-10T08:56:17+00:00
http://alojawebapps.us.es/centrosdptos/pdi/pdi.php?pdi=18368,Organización de Empresas II,http://alojawebapps.us.es/centrosdptos/titulaciones/asignatura.php?codasig=1510018,2,2026-05-10T08:56:17+00:00
http://alojawebapps.us.es/centrosdptos/pdi/pdi.php?pdi=18368,Organización de Empresas II,http://alojawebapps.us.es/centrosdptos/titulaciones/asignatura.php?codasig=2610019,3,2026-05-10T08:56:17+00:00
http://alojawebapps.us.es/centrosdptos/pdi/pdi.php?pdi=16111,Marketing de Servicios,http://alojawebapps.us.es/centrosdptos/titulaciones/asignatura.php?codasig=1510044,1,2026-05-10T08:56:18+00:00
http://alojawebapps.us.es/centrosdptos/pdi/pdi.php?pdi=16111,Trabajo Fin de Grado,http://alojawebapps.us.es/centrosdptos/titulaciones/asignatura.php?codasig=1510048,2,2026-05-10T08:56:18+00:00
http://alojawebapps.us.es/centrosdptos/pdi/pdi.php?pdi=16111,Introducción al Marketing,http://alojawebapps.us.es/centrosdptos/titulaciones/asignatura.php?codasig=1800008,3,2026-05-10T08:56:18+00:00
http://alojawebapps.us.es/centrosdptos/pdi/pdi.php?pdi=16111,Marketing de Servicios,http://alojawebapps.us.es/centrosdptos/titulaciones/asignatura.php?codasig=1800037,4,2026-05-10T08:56:18+00:00
http://alojawebapps.us.es/centrosdptos/pdi/pdi.php?pdi=16111,Prácticas,http://alojawebapps.us.es/centrosdptos/titulaciones/asignatura.php?codasig=1800046,5,2026-05-10T08:56:18+00:00
http://alojawebapps.us.es/centrosdptos/pdi/pdi.php?pdi=16111,Trabajo Fin de Grado,http://alojawebapps.us.es/centrosdptos/titulaciones/asignatura.php?codasig=1800048,6,2026-05-10T08:56:18+00:00
http://alojawebapps.us.es/centrosdptos/pdi/pdi.php?pdi=16111,Realización del TFM,http://alojawebapps.us.es/centrosdptos/titulaciones/asignatura.php?codasig=52150014,7,2026-05-10T08:56:18+00:00
http://alojawebapps.us.es/centrosdptos/pdi/pdi.php?pdi=17826,Administración de Empresas,http://alojawebapps.us.es/centrosdptos/titulaciones/asignatura.php?codasig=1510011,1,2026-05-10T08:56:19+00:00
http://alojawebapps.us.es/centrosdptos/pdi/pdi.php?pdi=17826,Organización de Empresas II,http://alojawebapps.us.es/centrosdptos/titulaciones/asignatura.php?codasig=1510018,2,2026-05-10T08:56:19+00:00
http://alojawebapps.us.es/centrosdptos/pdi/pdi.php?pdi=17826,Administración de Empresas,http://alojawebapps.us.es/centrosdptos/titulaciones/asignatura.php?codasig=2610011,3,2026-05-10T08:56:19+00:00
http://alojawebapps.us.es/centrosdptos/pdi/pdi.php?pdi=17826,Organización de Empresas II,http://alojawebapps.us.es/centrosdptos/titulaciones/asignatura.php?codasig=2610019,4,2026-05-10T08:56:19+00:00
http://alojawebapps.us.es/centrosdptos/pdi/pdi.php?pdi=11460,Introducción a la Economía de la Empresa (Organización),http://alojawebapps.us.es/centrosdptos/titulaciones/asignatura.php?codasig=1510007,1,2026-05-10T08:56:19+00:00
http://alojawebapps.us.es/centrosdptos/pdi/pdi.php?pdi=11460,Prácticas en Empresas,http://alojawebapps.us.es/centrosdptos/titulaciones/asignatura.php?codasig=1510046,2,2026-05-10T08:56:19+00:00
http://alojawebapps.us.es/centrosdptos/pdi/pdi.php?pdi=11460,Trabajo Fin de Grado,http://alojawebapps.us.es/centrosdptos/titulaciones/asignatura.php?codasig=1510048,3,2026-05-10T08:56:19+00:00
http://alojawebapps.us.es/centrosdptos/pdi/pdi.php?pdi=11460,Trabajo Fin de Grado,http://alojawebapps.us.es/centrosdptos/titulaciones/asignatura.php?codasig=1540050,4,2026-05-10T08:56:19+00:00
http://alojawebapps.us.es/centrosdptos/pdi/pdi.php?pdi=11460,Administración y Gestión de Empresas Deportivas,http://alojawebapps.us.es/centrosdptos/titulaciones/asignatura.php?codasig=2540023,5,2026-05-10T08:56:19+00:00
http://alojawebapps.us.es/centrosdptos/pdi/pdi.php?pdi=11460,Administración y Gestión de Empresas Deportivas,http://alojawebapps.us.es/centrosdptos/titulaciones/asignatura.php?codasig=2550038,6,2026-05-10T08:56:19+00:00
http://alojawebapps.us.es/centrosdptos/pdi/pdi.php?pdi=11460,Introducción a la Economía de la Empresa (Organización),http://alojawebapps.us.es/centrosdptos/titulaciones/asignatura.php?codasig=2610007,7,2026-05-10T08:56:19+00:00
http://alojawebapps.us.es/centrosdptos/pdi/pdi.php?pdi=11460,El Cambio en las Instituciones en una Economía Global,http://alojawebapps.us.es/centrosdptos/titulaciones/asignatura.php?codasig=50850002,8,2026-05-10T08:56:19+00:00
http://alojawebapps.us.es/centrosdptos/pdi/pdi.php?pdi=11460,Gestión del Valor para el Cliente (Customer Equity Management),http://alojawebapps.us.es/centrosdptos/titulaciones/asignatura.php?codasig=50850005,9,2026-05-10T08:56:19+00:00
http://alojawebapps.us.es/centrosdptos/pdi/pdi.php?pdi=11460,Trabajo Fin de Master,http://alojawebapps.us.es/centrosdptos/titulaciones/asignatura.php?codasig=50850021,10,2026-05-10T08:56:19+00:00
http://alojawebapps.us.es/centrosdptos/pdi/pdi.php?pdi=11460,Estrategia Empresarial Avanzada,http://alojawebapps.us.es/centrosdptos/titulaciones/asignatura.php?codasig=52150004,11,2026-05-10T08:56:19+00:00
http://alojawebapps.us.es/centrosdptos/pdi/pdi.php?pdi=11460,Realización del TFM,http://alojawebapps.us.es/centrosdptos/titulaciones/asignatura.php?codasig=52150014,12,2026-05-10T08:56:19+00:00
http://alojawebapps.us.es/centrosdptos/pdi/pdi.php?pdi=11460,Automating Business Processes Using Artificial Intelligence,http://alojawebapps.us.es/centrosdptos/titulaciones/asignatura.php?codasig=52340020,13,2026-05-10T08:56:19+00:00
http://alojawebapps.us.es/centrosdptos/pdi/pdi.php?pdi=4158,Organización del Trabajo,http://alojawebapps.us.es/centrosdptos/titulaciones/asignatura.php?codasig=1780019,1,2026-05-10T08:56:20+00:00
http://alojawebapps.us.es/centrosdptos/pdi/pdi.php?pdi=4158,Prácticum,http://alojawebapps.us.es/centrosdptos/titulaciones/asignatura.php?codasig=1780044,2,2026-05-10T08:56:20+00:00
http://alojawebapps.us.es/centrosdptos/pdi/pdi.php?pdi=4158,Trabajo Fin de Grado,http://alojawebapps.us.es/centrosdptos/titulaciones/asignatura.php?codasig=1780047,3,2026-05-10T08:56:20+00:00
http://alojawebapps.us.es/centrosdptos/pdi/pdi.php?pdi=4158,Organización del Trabajo,http://alojawebapps.us.es/centrosdptos/titulaciones/asignatura.php?codasig=2200044,4,2026-05-10T08:56:20+00:00
http://alojawebapps.us.es/centrosdptos/pdi/pdi.php?pdi=4158,Trabajo Fin de Grado,http://alojawebapps.us.es/centrosdptos/titulaciones/asignatura.php?codasig=2200058,5,2026-05-10T08:56:20+00:00
http://alojawebapps.us.es/centrosdptos/pdi/pdi.php?pdi=4158,Empresa Global y Gestión de Intangibles,http://alojawebapps.us.es/centrosdptos/titulaciones/asignatura.php?codasig=51770006,6,2026-05-10T08:56:20+00:00
http://alojawebapps.us.es/centrosdptos/pdi/pdi.php?pdi=4158,Trabajo Fin de Máster,http://alojawebapps.us.es/centrosdptos/titulaciones/asignatura.php?codasig=51770023,7,2026-05-10T08:56:20+00:00
http://alojawebapps.us.es/centrosdptos/pdi/pdi.php?pdi=4158,La Importancia Estratégica de los Intangibles: la Gestión del Conocimiento,http://alojawebapps.us.es/centrosdptos/titulaciones/asignatura.php?codasig=51870010,8,2026-05-10T08:56:20+00:00
http://alojawebapps.us.es/centrosdptos/pdi/pdi.php?pdi=4158,Planificación de la Formación en las Organizaciones,http://alojawebapps.us.es/centrosdptos/titulaciones/asignatura.php?codasig=51870014,9,2026-05-10T08:56:20+00:00
http://alojawebapps.us.es/centrosdptos/pdi/pdi.php?pdi=4158,Temas de Actualidad en Dirección de Recursos Humanos Global,http://alojawebapps.us.es/centrosdptos/titulaciones/asignatura.php?codasig=51870018,10,2026-05-10T08:56:20+00:00
http://alojawebapps.us.es/centrosdptos/pdi/pdi.php?pdi=4158,Trabajo Fin de Máster,http://alojawebapps.us.es/centrosdptos/titulaciones/asignatura.php?codasig=51870019,11,2026-05-10T08:56:20+00:00
http://alojawebapps.us.es/centrosdptos/pdi/pdi.php?pdi=4158,La Importancia Estratégica de los Intangibles: la Gestión del Conocimiento,http://alojawebapps.us.es/centrosdptos/titulaciones/asignatura.php?codasig=51910014,12,2026-05-10T08:56:20+00:00
http://alojawebapps.us.es/centrosdptos/pdi/pdi.php?pdi=4158,Planificación de la Formación en las Organizaciones,http://alojawebapps.us.es/centrosdptos/titulaciones/asignatura.php?codasig=51910022,13,2026-05-10T08:56:20+00:00
http://alojawebapps.us.es/centrosdptos/pdi/pdi.php?pdi=4158,Temas de Actualidad en Dirección de Recursos Humanos Global,http://alojawebapps.us.es/centrosdptos/titulaciones/asignatura.php?codasig=51910027,14,2026-05-10T08:56:20+00:00
http://alojawebapps.us.es/centrosdptos/pdi/pdi.php?pdi=18248,Introducción al Marketing,http://alojawebapps.us.es/centrosdptos/titulaciones/asignatura.php?codasig=1510008,1,2026-05-10T08:56:21+00:00
http://alojawebapps.us.es/centrosdptos/pdi/pdi.php?pdi=18248,Trabajo Fin de Grado,http://alojawebapps.us.es/centrosdptos/titulaciones/asignatura.php?codasig=1510048,2,2026-05-10T08:56:21+00:00
http://alojawebapps.us.es/centrosdptos/pdi/pdi.php?pdi=18248,Marketing y Ética en los Negocios,http://alojawebapps.us.es/centrosdptos/titulaciones/asignatura.php?codasig=1800040,3,2026-05-10T08:56:21+00:00
http://alojawebapps.us.es/centrosdptos/pdi/pdi.php?pdi=18248,Trabajo Fin de Grado,http://alojawebapps.us.es/centrosdptos/titulaciones/asignatura.php?codasig=1800048,4,2026-05-10T08:56:21+00:00
http://alojawebapps.us.es/centrosdptos/pdi/pdi.php?pdi=18248,Planificación y Gestión de Medios Publicitarios,http://alojawebapps.us.es/centrosdptos/titulaciones/asignatura.php?codasig=2110023,5,2026-05-10T08:56:21+00:00
http://alojawebapps.us.es/centrosdptos/pdi/pdi.php?pdi=18248,Marketing,http://alojawebapps.us.es/centrosdptos/titulaciones/asignatura.php?codasig=2230024,6,2026-05-10T08:56:21+00:00
http://alojawebapps.us.es/centrosdptos/pdi/pdi.php?pdi=18248,Introducción al Marketing,http://alojawebapps.us.es/centrosdptos/titulaciones/asignatura.php?codasig=2610008,7,2026-05-10T08:56:21+00:00
http://alojawebapps.us.es/centrosdptos/pdi/pdi.php?pdi=18248,Realización del TFM,http://alojawebapps.us.es/centrosdptos/titulaciones/asignatura.php?codasig=52150014,8,2026-05-10T08:56:21+00:00
http://alojawebapps.us.es/centrosdptos/pdi/pdi.php?pdi=5083,Dirección Comercial,http://alojawebapps.us.es/centrosdptos/titulaciones/asignatura.php?codasig=1510023,1,2026-05-10T08:56:22+00:00
http://alojawebapps.us.es/centrosdptos/pdi/pdi.php?pdi=5083,Marketing de Servicios,http://alojawebapps.us.es/centrosdptos/titulaciones/asignatura.php?codasig=1510044,2,2026-05-10T08:56:22+00:00
http://alojawebapps.us.es/centrosdptos/pdi/pdi.php?pdi=5083,Prácticas en Empresas,http://alojawebapps.us.es/centrosdptos/titulaciones/asignatura.php?codasig=1510046,3,2026-05-10T08:56:22+00:00
http://alojawebapps.us.es/centrosdptos/pdi/pdi.php?pdi=5083,Trabajo Fin de Grado,http://alojawebapps.us.es/centrosdptos/titulaciones/asignatura.php?codasig=1510048,4,2026-05-10T08:56:22+00:00
http://alojawebapps.us.es/centrosdptos/pdi/pdi.php?pdi=3341,Fundamentos de Economía de la Empresa,http://alojawebapps.us.es/centrosdptos/titulaciones/asignatura.php?codasig=1610005,1,2026-05-10T08:56:22+00:00
http://alojawebapps.us.es/centrosdptos/pdi/pdi.php?pdi=3341,Prácticas,http://alojawebapps.us.es/centrosdptos/titulaciones/asignatura.php?codasig=1610045,2,2026-05-10T08:56:22+00:00
http://alojawebapps.us.es/centrosdptos/pdi/pdi.php?pdi=3341,Trabajo Fin de Grado,http://alojawebapps.us.es/centrosdptos/titulaciones/asignatura.php?codasig=1610049,3,2026-05-10T08:56:22+00:00
http://alojawebapps.us.es/centrosdptos/pdi/pdi.php?pdi=3341,Fundamentos de Economía de la Empresa,http://alojawebapps.us.es/centrosdptos/titulaciones/asignatura.php?codasig=2290006,4,2026-05-10T08:56:22+00:00
http://alojawebapps.us.es/centrosdptos/pdi/pdi.php?pdi=3341,"Género, Ciudadanía y Democracia",http://alojawebapps.us.es/centrosdptos/titulaciones/asignatura.php?codasig=50390019,5,2026-05-10T08:56:22+00:00
http://alojawebapps.us.es/centrosdptos/pdi/pdi.php?pdi=3341,Prácticas en Empresas,http://alojawebapps.us.es/centrosdptos/titulaciones/asignatura.php?codasig=50390015,6,2026-05-10T08:56:22+00:00
http://alojawebapps.us.es/centrosdptos/pdi/pdi.php?pdi=3341,Trabajo Fin de Máster,http://alojawebapps.us.es/centrosdptos/titulaciones/asignatura.php?codasig=50390018,7,2026-05-10T08:56:22+00:00
http://alojawebapps.us.es/centrosdptos/pdi/pdi.php?pdi=3341,Trabajo Fin de Master,http://alojawebapps.us.es/centrosdptos/titulaciones/asignatura.php?codasig=50850021,8,2026-05-10T08:56:22+00:00
http://alojawebapps.us.es/centrosdptos/pdi/pdi.php?pdi=3341,Transferencia de Conocimiento en Negocio Internacionales,http://alojawebapps.us.es/centrosdptos/titulaciones/asignatura.php?codasig=50850022,9,2026-05-10T08:56:22+00:00
http://alojawebapps.us.es/centrosdptos/pdi/pdi.php?pdi=18400,Trabajo Fin de Grado,http://alojawebapps.us.es/centrosdptos/titulaciones/asignatura.php?codasig=1510048,1,2026-05-10T08:56:23+00:00
http://alojawebapps.us.es/centrosdptos/pdi/pdi.php?pdi=18400,Marketing Turístico,http://alojawebapps.us.es/centrosdptos/titulaciones/asignatura.php?codasig=1790007,2,2026-05-10T08:56:23+00:00
http://alojawebapps.us.es/centrosdptos/pdi/pdi.php?pdi=18400,Investigación Comercial,http://alojawebapps.us.es/centrosdptos/titulaciones/asignatura.php?codasig=1860061,3,2026-05-10T08:56:23+00:00
http://alojawebapps.us.es/centrosdptos/pdi/pdi.php?pdi=18400,Marketing Turístico,http://alojawebapps.us.es/centrosdptos/titulaciones/asignatura.php?codasig=2600007,4,2026-05-10T08:56:23+00:00
http://alojawebapps.us.es/centrosdptos/pdi/pdi.php?pdi=18400,Marketing Turístico,http://alojawebapps.us.es/centrosdptos/titulaciones/asignatura.php?codasig=2630008,5,2026-05-10T08:56:23+00:00
http://alojawebapps.us.es/centrosdptos/pdi/pdi.php?pdi=3884,Dirección Estratégica,http://alojawebapps.us.es/centrosdptos/titulaciones/asignatura.php?codasig=1510036,1,2026-05-10T08:56:24+00:00
http://alojawebapps.us.es/centrosdptos/pdi/pdi.php?pdi=3884,Estrategia e Innovación,http://alojawebapps.us.es/centrosdptos/titulaciones/asignatura.php?codasig=1510040,2,2026-05-10T08:56:24+00:00
http://alojawebapps.us.es/centrosdptos/pdi/pdi.php?pdi=3884,Prácticas en Empresas,http://alojawebapps.us.es/centrosdptos/titulaciones/asignatura.php?codasig=1510046,3,2026-05-10T08:56:24+00:00
http://alojawebapps.us.es/centrosdptos/pdi/pdi.php?pdi=3884,Trabajo Fin de Grado,http://alojawebapps.us.es/centrosdptos/titulaciones/asignatura.php?codasig=1510048,4,2026-05-10T08:56:24+00:00
http://alojawebapps.us.es/centrosdptos/pdi/pdi.php?pdi=3884,Comportamiento Emprendedor e Innovación en Sectores Globales,http://alojawebapps.us.es/centrosdptos/titulaciones/asignatura.php?codasig=50850009,5,2026-05-10T08:56:24+00:00
http://alojawebapps.us.es/centrosdptos/pdi/pdi.php?pdi=3884,Trabajo Fin de Master,http://alojawebapps.us.es/centrosdptos/titulaciones/asignatura.php?codasig=50850021,6,2026-05-10T08:56:24+00:00
http://alojawebapps.us.es/centrosdptos/pdi/pdi.php?pdi=16624,Organización del Trabajo,http://alojawebapps.us.es/centrosdptos/titulaciones/asignatura.php?codasig=1780019,1,2026-05-10T08:56:25+00:00
http://alojawebapps.us.es/centrosdptos/pdi/pdi.php?pdi=16624,Creación de Empresas Turísticas,http://alojawebapps.us.es/centrosdptos/titulaciones/asignatura.php?codasig=1790039,2,2026-05-10T08:56:25+00:00
http://alojawebapps.us.es/centrosdptos/pdi/pdi.php?pdi=16624,Habilidades Personales y Directivas,http://alojawebapps.us.es/centrosdptos/titulaciones/asignatura.php?codasig=2600018,3,2026-05-10T08:56:25+00:00
http://alojawebapps.us.es/centrosdptos/pdi/pdi.php?pdi=16624,Habilidades Personales y Directivas,http://alojawebapps.us.es/centrosdptos/titulaciones/asignatura.php?codasig=2630022,4,2026-05-10T08:56:25+00:00
http://alojawebapps.us.es/centrosdptos/pdi/pdi.php?pdi=2570,Merchandising,http://alojawebapps.us.es/centrosdptos/titulaciones/asignatura.php?codasig=1800041,1,2026-05-10T08:56:25+00:00
http://alojawebapps.us.es/centrosdptos/pdi/pdi.php?pdi=2570,Trabajo Fin de Grado,http://alojawebapps.us.es/centrosdptos/titulaciones/asignatura.php?codasig=1800048,2,2026-05-10T08:56:25+00:00
http://alojawebapps.us.es/centrosdptos/pdi/pdi.php?pdi=2570,Sistemas Integrados de Distribución en Mercados Internacionales,http://alojawebapps.us.es/centrosdptos/titulaciones/asignatura.php?codasig=50850008,3,2026-05-10T08:56:25+00:00
http://alojawebapps.us.es/centrosdptos/pdi/pdi.php?pdi=2570,Trabajo Fin de Master,http://alojawebapps.us.es/centrosdptos/titulaciones/asignatura.php?codasig=50850021,4,2026-05-10T08:56:25+00:00
http://alojawebapps.us.es/centrosdptos/pdi/pdi.php?pdi=2570,Estrategias de Marketing Avanzadas,http://alojawebapps.us.es/centrosdptos/titulaciones/asignatura.php?codasig=52150005,5,2026-05-10T08:56:25+00:00
http://alojawebapps.us.es/centrosdptos/pdi/pdi.php?pdi=2570,Realización del TFM,http://alojawebapps.us.es/centrosdptos/titulaciones/asignatura.php?codasig=52150014,6,2026-05-10T08:56:25+00:00
http://alojawebapps.us.es/centrosdptos/pdi/pdi.php?pdi=5094,Marketing,http://alojawebapps.us.es/centrosdptos/titulaciones/asignatura.php?codasig=1610017,1,2026-05-10T08:56:26+00:00
http://alojawebapps.us.es/centrosdptos/pdi/pdi.php?pdi=5094,Marketing Financiero,http://alojawebapps.us.es/centrosdptos/titulaciones/asignatura.php?codasig=1610044,2,2026-05-10T08:56:26+00:00
http://alojawebapps.us.es/centrosdptos/pdi/pdi.php?pdi=2750,Investigación Comercial,http://alojawebapps.us.es/centrosdptos/titulaciones/asignatura.php?codasig=1510043,1,2026-05-10T08:56:27+00:00
http://alojawebapps.us.es/centrosdptos/pdi/pdi.php?pdi=2750,Prácticas en Empresas,http://alojawebapps.us.es/centrosdptos/titulaciones/asignatura.php?codasig=1510046,2,2026-05-10T08:56:27+00:00
http://alojawebapps.us.es/centrosdptos/pdi/pdi.php?pdi=2750,Trabajo Fin de Grado,http://alojawebapps.us.es/centrosdptos/titulaciones/asignatura.php?codasig=1510048,3,2026-05-10T08:56:27+00:00
http://alojawebapps.us.es/centrosdptos/pdi/pdi.php?pdi=2750,E-BUSINESS,http://alojawebapps.us.es/centrosdptos/titulaciones/asignatura.php?codasig=50850010,4,2026-05-10T08:56:27+00:00
http://alojawebapps.us.es/centrosdptos/pdi/pdi.php?pdi=2750,Trabajo Fin de Master,http://alojawebapps.us.es/centrosdptos/titulaciones/asignatura.php?codasig=50850021,5,2026-05-10T08:56:27+00:00
http://alojawebapps.us.es/centrosdptos/pdi/pdi.php?pdi=2750,Habilidades para la Investigación Aplicada en Marketing,http://alojawebapps.us.es/centrosdptos/titulaciones/asignatura.php?codasig=52150008,6,2026-05-10T08:56:27+00:00
http://alojawebapps.us.es/centrosdptos/pdi/pdi.php?pdi=2750,Realización del TFM,http://alojawebapps.us.es/centrosdptos/titulaciones/asignatura.php?codasig=52150014,7,2026-05-10T08:56:27+00:00
http://alojawebapps.us.es/centrosdptos/pdi/pdi.php?pdi=2412,Organización del Trabajo,http://alojawebapps.us.es/centrosdptos/titulaciones/asignatura.php?codasig=1780019,1,2026-05-10T08:56:27+00:00
http://alojawebapps.us.es/centrosdptos/pdi/pdi.php?pdi=2412,Trabajo Fin de Grado,http://alojawebapps.us.es/centrosdptos/titulaciones/asignatura.php?codasig=1780047,2,2026-05-10T08:56:27+00:00
http://alojawebapps.us.es/centrosdptos/pdi/pdi.php?pdi=2412,Creación de Empresas,http://alojawebapps.us.es/centrosdptos/titulaciones/asignatura.php?codasig=1800033,3,2026-05-10T08:56:27+00:00
http://alojawebapps.us.es/centrosdptos/pdi/pdi.php?pdi=2412,Prácticas,http://alojawebapps.us.es/centrosdptos/titulaciones/asignatura.php?codasig=1800046,4,2026-05-10T08:56:27+00:00
http://alojawebapps.us.es/centrosdptos/pdi/pdi.php?pdi=2412,Trabajo Fin de Grado,http://alojawebapps.us.es/centrosdptos/titulaciones/asignatura.php?codasig=1800048,5,2026-05-10T08:56:27+00:00
http://alojawebapps.us.es/centrosdptos/pdi/pdi.php?pdi=2412,Creación de Empresas,http://alojawebapps.us.es/centrosdptos/titulaciones/asignatura.php?codasig=2200049,6,2026-05-10T08:56:27+00:00
http://alojawebapps.us.es/centrosdptos/pdi/pdi.php?pdi=2412,Gestión de Personas en el Siglo XXI,http://alojawebapps.us.es/centrosdptos/titulaciones/asignatura.php?codasig=51770010,7,2026-05-10T08:56:27+00:00
http://alojawebapps.us.es/centrosdptos/pdi/pdi.php?pdi=2412,Orientación Estratégica de las Personas I,http://alojawebapps.us.es/centrosdptos/titulaciones/asignatura.php?codasig=51770016,8,2026-05-10T08:56:27+00:00
http://alojawebapps.us.es/centrosdptos/pdi/pdi.php?pdi=2412,Orientación Estratégica de las Personas II,http://alojawebapps.us.es/centrosdptos/titulaciones/asignatura.php?codasig=51770017,9,2026-05-10T08:56:27+00:00
http://alojawebapps.us.es/centrosdptos/pdi/pdi.php?pdi=2412,Prácticum,http://alojawebapps.us.es/centrosdptos/titulaciones/asignatura.php?codasig=51770018,10,2026-05-10T08:56:27+00:00
http://alojawebapps.us.es/centrosdptos/pdi/pdi.php?pdi=2412,Trabajo Fin de Máster,http://alojawebapps.us.es/centrosdptos/titulaciones/asignatura.php?codasig=51770023,11,2026-05-10T08:56:27+00:00
http://alojawebapps.us.es/centrosdptos/pdi/pdi.php?pdi=2412,Éxitos y Fracasos en el Mundo Empresarial,http://alojawebapps.us.es/centrosdptos/titulaciones/asignatura.php?codasig=51870007,12,2026-05-10T08:56:27+00:00
http://alojawebapps.us.es/centrosdptos/pdi/pdi.php?pdi=2412,Éxitos y Fracasos en el Mundo Empresarial,http://alojawebapps.us.es/centrosdptos/titulaciones/asignatura.php?codasig=51910007,13,2026-05-10T08:56:27+00:00
http://alojawebapps.us.es/centrosdptos/pdi/pdi.php?pdi=2412,Gestión de Personas en el Siglo XXI,http://alojawebapps.us.es/centrosdptos/titulaciones/asignatura.php?codasig=51910035,14,2026-05-10T08:56:27+00:00
http://alojawebapps.us.es/centrosdptos/pdi/pdi.php?pdi=2412,Orientación Estratégica de las Personas I,http://alojawebapps.us.es/centrosdptos/titulaciones/asignatura.php?codasig=51910019,15,2026-05-10T08:56:27+00:00
http://alojawebapps.us.es/centrosdptos/pdi/pdi.php?pdi=2412,Orientación Estratégica de las Personas II,http://alojawebapps.us.es/centrosdptos/titulaciones/asignatura.php?codasig=51910020,16,2026-05-10T08:56:27+00:00
http://alojawebapps.us.es/centrosdptos/pdi/pdi.php?pdi=2412,Trabajo Fin de Máster (MCCTT),http://alojawebapps.us.es/centrosdptos/titulaciones/asignatura.php?codasig=51910039,17,2026-05-10T08:56:27+00:00
http://alojawebapps.us.es/centrosdptos/pdi/pdi.php?pdi=2567,Dirección de Ventas I,http://alojawebapps.us.es/centrosdptos/titulaciones/asignatura.php?codasig=1800024,1,2026-05-10T08:56:28+00:00
http://alojawebapps.us.es/centrosdptos/pdi/pdi.php?pdi=2567,Dirección de Ventas II,http://alojawebapps.us.es/centrosdptos/titulaciones/asignatura.php?codasig=1800025,2,2026-05-10T08:56:28+00:00
http://alojawebapps.us.es/centrosdptos/pdi/pdi.php?pdi=2567,Prácticas,http://alojawebapps.us.es/centrosdptos/titulaciones/asignatura.php?codasig=1800046,3,2026-05-10T08:56:28+00:00
http://alojawebapps.us.es/centrosdptos/pdi/pdi.php?pdi=2567,Trabajo Fin de Grado,http://alojawebapps.us.es/centrosdptos/titulaciones/asignatura.php?codasig=1800048,4,2026-05-10T08:56:28+00:00
http://alojawebapps.us.es/centrosdptos/pdi/pdi.php?pdi=2404,Marketing,http://alojawebapps.us.es/centrosdptos/titulaciones/asignatura.php?codasig=1610017,1,2026-05-10T08:56:29+00:00
http://alojawebapps.us.es/centrosdptos/pdi/pdi.php?pdi=2404,Trabajo Fin de Grado,http://alojawebapps.us.es/centrosdptos/titulaciones/asignatura.php?codasig=1610049,2,2026-05-10T08:56:29+00:00
http://alojawebapps.us.es/centrosdptos/pdi/pdi.php?pdi=2404,Publicidad y Promoción Comercial del Turismo,http://alojawebapps.us.es/centrosdptos/titulaciones/asignatura.php?codasig=1790046,3,2026-05-10T08:56:29+00:00
http://alojawebapps.us.es/centrosdptos/pdi/pdi.php?pdi=2404,Marketing Industrial,http://alojawebapps.us.es/centrosdptos/titulaciones/asignatura.php?codasig=1800038,4,2026-05-10T08:56:29+00:00
http://alojawebapps.us.es/centrosdptos/pdi/pdi.php?pdi=2404,Prácticas,http://alojawebapps.us.es/centrosdptos/titulaciones/asignatura.php?codasig=1800046,5,2026-05-10T08:56:29+00:00
http://alojawebapps.us.es/centrosdptos/pdi/pdi.php?pdi=2404,Trabajo Fin de Grado,http://alojawebapps.us.es/centrosdptos/titulaciones/asignatura.php?codasig=1800048,6,2026-05-10T08:56:29+00:00
http://alojawebapps.us.es/centrosdptos/pdi/pdi.php?pdi=2404,Marketing,http://alojawebapps.us.es/centrosdptos/titulaciones/asignatura.php?codasig=2200032,7,2026-05-10T08:56:29+00:00
http://alojawebapps.us.es/centrosdptos/pdi/pdi.php?pdi=2404,Trabajo Fin de Grado,http://alojawebapps.us.es/centrosdptos/titulaciones/asignatura.php?codasig=2200058,8,2026-05-10T08:56:29+00:00
http://alojawebapps.us.es/centrosdptos/pdi/pdi.php?pdi=2404,Practicum en Empresas Turísticas,http://alojawebapps.us.es/centrosdptos/titulaciones/asignatura.php?codasig=2600047,9,2026-05-10T08:56:29+00:00
http://alojawebapps.us.es/centrosdptos/pdi/pdi.php?pdi=2404,Publicidad y Promoción Comercial del Turismo,http://alojawebapps.us.es/centrosdptos/titulaciones/asignatura.php?codasig=2600051,10,2026-05-10T08:56:29+00:00
http://alojawebapps.us.es/centrosdptos/pdi/pdi.php?pdi=2404,Dirección Comercial de Organizaciones Turísticas,http://alojawebapps.us.es/centrosdptos/titulaciones/asignatura.php?codasig=50630002,11,2026-05-10T08:56:29+00:00
http://alojawebapps.us.es/centrosdptos/pdi/pdi.php?pdi=2404,Trabajo Fin de Máster,http://alojawebapps.us.es/centrosdptos/titulaciones/asignatura.php?codasig=50630035,12,2026-05-10T08:56:29+00:00
http://alojawebapps.us.es/centrosdptos/pdi/pdi.php?pdi=16886,Dirección Estratégica,http://alojawebapps.us.es/centrosdptos/titulaciones/asignatura.php?codasig=1510036,1,2026-05-10T08:56:30+00:00
http://alojawebapps.us.es/centrosdptos/pdi/pdi.php?pdi=16886,Gestión de la Calidad,http://alojawebapps.us.es/centrosdptos/titulaciones/asignatura.php?codasig=1510041,2,2026-05-10T08:56:30+00:00
http://alojawebapps.us.es/centrosdptos/pdi/pdi.php?pdi=16886,Organización del Trabajo,http://alojawebapps.us.es/centrosdptos/titulaciones/asignatura.php?codasig=1780019,3,2026-05-10T08:56:30+00:00
http://alojawebapps.us.es/centrosdptos/pdi/pdi.php?pdi=16886,Creación de Empresas Turísticas,http://alojawebapps.us.es/centrosdptos/titulaciones/asignatura.php?codasig=1790039,4,2026-05-10T08:56:30+00:00
http://alojawebapps.us.es/centrosdptos/pdi/pdi.php?pdi=16886,Introducción a la Economía de la Empresa (Organización),http://alojawebapps.us.es/centrosdptos/titulaciones/asignatura.php?codasig=1800006,5,2026-05-10T08:56:30+00:00
http://alojawebapps.us.es/centrosdptos/pdi/pdi.php?pdi=16886,Habilidades Personales y Directivas,http://alojawebapps.us.es/centrosdptos/titulaciones/asignatura.php?codasig=2600018,6,2026-05-10T08:56:30+00:00
http://alojawebapps.us.es/centrosdptos/pdi/pdi.php?pdi=16886,Habilidades Personales y Directivas,http://alojawebapps.us.es/centrosdptos/titulaciones/asignatura.php?codasig=2630022,7,2026-05-10T08:56:30+00:00
http://alojawebapps.us.es/centrosdptos/pdi/pdi.php?pdi=11810,Dirección y Organización,http://alojawebapps.us.es/centrosdptos/titulaciones/asignatura.php?codasig=1610014,1,2026-05-10T08:56:30+00:00
http://alojawebapps.us.es/centrosdptos/pdi/pdi.php?pdi=11810,Prácticas,http://alojawebapps.us.es/centrosdptos/titulaciones/asignatura.php?codasig=1610045,2,2026-05-10T08:56:30+00:00
http://alojawebapps.us.es/centrosdptos/pdi/pdi.php?pdi=11810,Trabajo Fin de Grado,http://alojawebapps.us.es/centrosdptos/titulaciones/asignatura.php?codasig=1610049,3,2026-05-10T08:56:30+00:00
http://alojawebapps.us.es/centrosdptos/pdi/pdi.php?pdi=11810,Trabajo Fin de Máster,http://alojawebapps.us.es/centrosdptos/titulaciones/asignatura.php?codasig=51770023,4,2026-05-10T08:56:30+00:00
http://alojawebapps.us.es/centrosdptos/pdi/pdi.php?pdi=11810,Estrategia Empresarial Avanzada,http://alojawebapps.us.es/centrosdptos/titulaciones/asignatura.php?codasig=52150004,5,2026-05-10T08:56:30+00:00
http://alojawebapps.us.es/centrosdptos/pdi/pdi.php?pdi=11810,Realización del TFM,http://alojawebapps.us.es/centrosdptos/titulaciones/asignatura.php?codasig=52150014,6,2026-05-10T08:56:30+00:00
http://alojawebapps.us.es/centrosdptos/pdi/pdi.php?pdi=4164,Distribución Comercial I,http://alojawebapps.us.es/centrosdptos/titulaciones/asignatura.php?codasig=1800026,1,2026-05-10T08:56:31+00:00
http://alojawebapps.us.es/centrosdptos/pdi/pdi.php?pdi=4164,Distribución Comercial II,http://alojawebapps.us.es/centrosdptos/titulaciones/asignatura.php?codasig=1800027,2,2026-05-10T08:56:31+00:00
http://alojawebapps.us.es/centrosdptos/pdi/pdi.php?pdi=4164,Prácticas,http://alojawebapps.us.es/centrosdptos/titulaciones/asignatura.php?codasig=1800046,3,2026-05-10T08:56:31+00:00
http://alojawebapps.us.es/centrosdptos/pdi/pdi.php?pdi=4164,Trabajo Fin de Grado,http://alojawebapps.us.es/centrosdptos/titulaciones/asignatura.php?codasig=1800048,4,2026-05-10T08:56:31+00:00
http://alojawebapps.us.es/centrosdptos/pdi/pdi.php?pdi=4164,Sistemas Integrados de Distribución en Mercados Internacionales,http://alojawebapps.us.es/centrosdptos/titulaciones/asignatura.php?codasig=50850008,5,2026-05-10T08:56:31+00:00
http://alojawebapps.us.es/centrosdptos/pdi/pdi.php?pdi=4164,Trabajo Fin de Master,http://alojawebapps.us.es/centrosdptos/titulaciones/asignatura.php?codasig=50850021,6,2026-05-10T08:56:31+00:00
http://alojawebapps.us.es/centrosdptos/pdi/pdi.php?pdi=4164,Estrategias de Marketing Avanzadas,http://alojawebapps.us.es/centrosdptos/titulaciones/asignatura.php?codasig=52150005,7,2026-05-10T08:56:31+00:00
http://alojawebapps.us.es/centrosdptos/pdi/pdi.php?pdi=4164,Realización del TFM,http://alojawebapps.us.es/centrosdptos/titulaciones/asignatura.php?codasig=52150014,8,2026-05-10T08:56:31+00:00
http://alojawebapps.us.es/centrosdptos/pdi/pdi.php?pdi=4164,"Gestión Logística, Tics y Marketing Aplicado a la Oficina de Farmacia",http://alojawebapps.us.es/centrosdptos/titulaciones/asignatura.php?codasig=52180025,9,2026-05-10T08:56:31+00:00
http://alojawebapps.us.es/centrosdptos/pdi/pdi.php?pdi=18350,Administración de Empresas,http://alojawebapps.us.es/centrosdptos/titulaciones/asignatura.php?codasig=1510011,1,2026-05-10T08:56:32+00:00
http://alojawebapps.us.es/centrosdptos/pdi/pdi.php?pdi=18350,Organización de Empresas II,http://alojawebapps.us.es/centrosdptos/titulaciones/asignatura.php?codasig=1510018,2,2026-05-10T08:56:32+00:00
http://alojawebapps.us.es/centrosdptos/pdi/pdi.php?pdi=18350,Trabajo Fin de Grado,http://alojawebapps.us.es/centrosdptos/titulaciones/asignatura.php?codasig=1510048,3,2026-05-10T08:56:32+00:00
http://alojawebapps.us.es/centrosdptos/pdi/pdi.php?pdi=18350,Administración de Empresas,http://alojawebapps.us.es/centrosdptos/titulaciones/asignatura.php?codasig=2610011,4,2026-05-10T08:56:32+00:00
http://alojawebapps.us.es/centrosdptos/pdi/pdi.php?pdi=18350,Organización de Empresas II,http://alojawebapps.us.es/centrosdptos/titulaciones/asignatura.php?codasig=2610019,5,2026-05-10T08:56:32+00:00
http://alojawebapps.us.es/centrosdptos/pdi/pdi.php?pdi=3811,Introducción a la Economía de la Empresa (Organización),http://alojawebapps.us.es/centrosdptos/titulaciones/asignatura.php?codasig=1510007,1,2026-05-10T08:56:33+00:00
http://alojawebapps.us.es/centrosdptos/pdi/pdi.php?pdi=3811,Prácticas en Empresas,http://alojawebapps.us.es/centrosdptos/titulaciones/asignatura.php?codasig=1510046,2,2026-05-10T08:56:33+00:00
http://alojawebapps.us.es/centrosdptos/pdi/pdi.php?pdi=3811,Trabajo Fin de Grado,http://alojawebapps.us.es/centrosdptos/titulaciones/asignatura.php?codasig=1510048,3,2026-05-10T08:56:33+00:00
http://alojawebapps.us.es/centrosdptos/pdi/pdi.php?pdi=3811,Introducción a la Economía de la Empresa,http://alojawebapps.us.es/centrosdptos/titulaciones/asignatura.php?codasig=1560007,4,2026-05-10T08:56:33+00:00
http://alojawebapps.us.es/centrosdptos/pdi/pdi.php?pdi=3811,Trabajo Fin de Grado,http://alojawebapps.us.es/centrosdptos/titulaciones/asignatura.php?codasig=1560049,5,2026-05-10T08:56:33+00:00
http://alojawebapps.us.es/centrosdptos/pdi/pdi.php?pdi=3811,Introducción a la Economía de la Empresa (Organización),http://alojawebapps.us.es/centrosdptos/titulaciones/asignatura.php?codasig=2610007,6,2026-05-10T08:56:33+00:00
http://alojawebapps.us.es/centrosdptos/pdi/pdi.php?pdi=3811,Internacionalización de la Empresa Familiar,http://alojawebapps.us.es/centrosdptos/titulaciones/asignatura.php?codasig=50850016,7,2026-05-10T08:56:33+00:00
http://alojawebapps.us.es/centrosdptos/pdi/pdi.php?pdi=3811,Trabajo Fin de Master,http://alojawebapps.us.es/centrosdptos/titulaciones/asignatura.php?codasig=50850021,8,2026-05-10T08:56:33+00:00
http://alojawebapps.us.es/centrosdptos/pdi/pdi.php?pdi=4438,Fundamentos de Economía de la Empresa,http://alojawebapps.us.es/centrosdptos/titulaciones/asignatura.php?codasig=1610005,1,2026-05-10T08:56:33+00:00
http://alojawebapps.us.es/centrosdptos/pdi/pdi.php?pdi=4438,Gestión de Recursos Humanos y Habilidades Directivas,http://alojawebapps.us.es/centrosdptos/titulaciones/asignatura.php?codasig=1610042,2,2026-05-10T08:56:33+00:00
http://alojawebapps.us.es/centrosdptos/pdi/pdi.php?pdi=4438,Dirección de Recursos Humanos I,http://alojawebapps.us.es/centrosdptos/titulaciones/asignatura.php?codasig=1860036,3,2026-05-10T08:56:33+00:00
http://alojawebapps.us.es/centrosdptos/pdi/pdi.php?pdi=17745,Creación de Empresas,http://alojawebapps.us.es/centrosdptos/titulaciones/asignatura.php?codasig=1510034,1,2026-05-10T08:56:34+00:00
http://alojawebapps.us.es/centrosdptos/pdi/pdi.php?pdi=3653,Creación de Empresas,http://alojawebapps.us.es/centrosdptos/titulaciones/asignatura.php?codasig=1510034,1,2026-05-10T08:56:35+00:00
http://alojawebapps.us.es/centrosdptos/pdi/pdi.php?pdi=3653,Prácticas en Empresas,http://alojawebapps.us.es/centrosdptos/titulaciones/asignatura.php?codasig=1510046,2,2026-05-10T08:56:35+00:00
http://alojawebapps.us.es/centrosdptos/pdi/pdi.php?pdi=3653,Trabajo Fin de Grado,http://alojawebapps.us.es/centrosdptos/titulaciones/asignatura.php?codasig=1510048,3,2026-05-10T08:56:35+00:00
http://alojawebapps.us.es/centrosdptos/pdi/pdi.php?pdi=3653,Dirección Estratégica,http://alojawebapps.us.es/centrosdptos/titulaciones/asignatura.php?codasig=1800013,4,2026-05-10T08:56:35+00:00
http://alojawebapps.us.es/centrosdptos/pdi/pdi.php?pdi=3653,Prácticas,http://alojawebapps.us.es/centrosdptos/titulaciones/asignatura.php?codasig=1800046,5,2026-05-10T08:56:35+00:00
http://alojawebapps.us.es/centrosdptos/pdi/pdi.php?pdi=3653,Trabajo Fin de Grado,http://alojawebapps.us.es/centrosdptos/titulaciones/asignatura.php?codasig=1800048,6,2026-05-10T08:56:35+00:00
http://alojawebapps.us.es/centrosdptos/pdi/pdi.php?pdi=3653,Etica y Responsabilidad Social en los Negocios Internacionales,http://alojawebapps.us.es/centrosdptos/titulaciones/asignatura.php?codasig=50850013,7,2026-05-10T08:56:35+00:00
http://alojawebapps.us.es/centrosdptos/pdi/pdi.php?pdi=3653,Trabajo Fin de Master,http://alojawebapps.us.es/centrosdptos/titulaciones/asignatura.php?codasig=50850021,8,2026-05-10T08:56:35+00:00
http://alojawebapps.us.es/centrosdptos/pdi/pdi.php?pdi=3653,Ética y Responsabilidad Social en un Contexto Europeo e Internacional,http://alojawebapps.us.es/centrosdptos/titulaciones/asignatura.php?codasig=51870006,9,2026-05-10T08:56:35+00:00
http://alojawebapps.us.es/centrosdptos/pdi/pdi.php?pdi=3653,Trabajo Fin de Máster,http://alojawebapps.us.es/centrosdptos/titulaciones/asignatura.php?codasig=51870019,10,2026-05-10T08:56:35+00:00
http://alojawebapps.us.es/centrosdptos/pdi/pdi.php?pdi=3653,Ética y Responsabilidad Social en un Contexto Europeo e Internacional,http://alojawebapps.us.es/centrosdptos/titulaciones/asignatura.php?codasig=51910034,11,2026-05-10T08:56:35+00:00
http://alojawebapps.us.es/centrosdptos/pdi/pdi.php?pdi=3653,Trabajo Fin de Máster (MCCTT),http://alojawebapps.us.es/centrosdptos/titulaciones/asignatura.php?codasig=51910039,12,2026-05-10T08:56:35+00:00
http://alojawebapps.us.es/centrosdptos/pdi/pdi.php?pdi=3653,Planificación de la Actividad Logística,http://alojawebapps.us.es/centrosdptos/titulaciones/asignatura.php?codasig=52330032,13,2026-05-10T08:56:35+00:00
http://alojawebapps.us.es/centrosdptos/pdi/pdi.php?pdi=3654,Introducción al Marketing,http://alojawebapps.us.es/centrosdptos/titulaciones/asignatura.php?codasig=1510008,1,2026-05-10T08:56:36+00:00
http://alojawebapps.us.es/centrosdptos/pdi/pdi.php?pdi=3654,Prácticas en Empresas,http://alojawebapps.us.es/centrosdptos/titulaciones/asignatura.php?codasig=1510046,2,2026-05-10T08:56:36+00:00
http://alojawebapps.us.es/centrosdptos/pdi/pdi.php?pdi=3654,Trabajo Fin de Grado,http://alojawebapps.us.es/centrosdptos/titulaciones/asignatura.php?codasig=1510048,3,2026-05-10T08:56:36+00:00
http://alojawebapps.us.es/centrosdptos/pdi/pdi.php?pdi=3654,Trabajo Fin de Grado,http://alojawebapps.us.es/centrosdptos/titulaciones/asignatura.php?codasig=1860063,4,2026-05-10T08:56:36+00:00
http://alojawebapps.us.es/centrosdptos/pdi/pdi.php?pdi=3654,Marketing,http://alojawebapps.us.es/centrosdptos/titulaciones/asignatura.php?codasig=2230024,5,2026-05-10T08:56:36+00:00
http://alojawebapps.us.es/centrosdptos/pdi/pdi.php?pdi=3654,Introducción al Marketing,http://alojawebapps.us.es/centrosdptos/titulaciones/asignatura.php?codasig=2610008,6,2026-05-10T08:56:36+00:00
http://alojawebapps.us.es/centrosdptos/pdi/pdi.php?pdi=3654,Contratación y Comercio Exterior,http://alojawebapps.us.es/centrosdptos/titulaciones/asignatura.php?codasig=50850023,7,2026-05-10T08:56:36+00:00
http://alojawebapps.us.es/centrosdptos/pdi/pdi.php?pdi=3654,Trabajo Fin de Master,http://alojawebapps.us.es/centrosdptos/titulaciones/asignatura.php?codasig=50850021,8,2026-05-10T08:56:36+00:00
http://alojawebapps.us.es/centrosdptos/pdi/pdi.php?pdi=3654,Estrategias de Marketing y Dirección Comercial,http://alojawebapps.us.es/centrosdptos/titulaciones/asignatura.php?codasig=52150006,9,2026-05-10T08:56:36+00:00
http://alojawebapps.us.es/centrosdptos/pdi/pdi.php?pdi=3654,Realización del TFM,http://alojawebapps.us.es/centrosdptos/titulaciones/asignatura.php?codasig=52150014,10,2026-05-10T08:56:36+00:00
http://alojawebapps.us.es/centrosdptos/pdi/pdi.php?pdi=11478,Marketing Turístico,http://alojawebapps.us.es/centrosdptos/titulaciones/asignatura.php?codasig=1790007,1,2026-05-10T08:56:36+00:00
http://alojawebapps.us.es/centrosdptos/pdi/pdi.php?pdi=11478,Trabajo Fin de Grado,http://alojawebapps.us.es/centrosdptos/titulaciones/asignatura.php?codasig=1790051,2,2026-05-10T08:56:36+00:00
http://alojawebapps.us.es/centrosdptos/pdi/pdi.php?pdi=11478,Comercialización de Destinos y Marketing Digital,http://alojawebapps.us.es/centrosdptos/titulaciones/asignatura.php?codasig=2600038,3,2026-05-10T08:56:36+00:00
http://alojawebapps.us.es/centrosdptos/pdi/pdi.php?pdi=11478,Marketing Turístico,http://alojawebapps.us.es/centrosdptos/titulaciones/asignatura.php?codasig=2600007,4,2026-05-10T08:56:36+00:00
http://alojawebapps.us.es/centrosdptos/pdi/pdi.php?pdi=11478,Practicum en Empresas Turísticas,http://alojawebapps.us.es/centrosdptos/titulaciones/asignatura.php?codasig=2600047,5,2026-05-10T08:56:36+00:00
http://alojawebapps.us.es/centrosdptos/pdi/pdi.php?pdi=11478,Marketing Turístico,http://alojawebapps.us.es/centrosdptos/titulaciones/asignatura.php?codasig=2630008,6,2026-05-10T08:56:36+00:00
http://alojawebapps.us.es/centrosdptos/pdi/pdi.php?pdi=11478,Promoción y Comercialización de Destinos Turísticos,http://alojawebapps.us.es/centrosdptos/titulaciones/asignatura.php?codasig=50630028,7,2026-05-10T08:56:36+00:00
http://alojawebapps.us.es/centrosdptos/pdi/pdi.php?pdi=11478,Estrategias de Marketing Avanzadas,http://alojawebapps.us.es/centrosdptos/titulaciones/asignatura.php?codasig=52150005,8,2026-05-10T08:56:36+00:00
http://alojawebapps.us.es/centrosdptos/pdi/pdi.php?pdi=11478,Realización del TFM,http://alojawebapps.us.es/centrosdptos/titulaciones/asignatura.php?codasig=52150014,9,2026-05-10T08:56:36+00:00
http://alojawebapps.us.es/centrosdptos/pdi/pdi.php?pdi=18448,Introducción al Marketing,http://alojawebapps.us.es/centrosdptos/titulaciones/asignatura.php?codasig=1560008,1,2026-05-10T08:56:37+00:00
http://alojawebapps.us.es/centrosdptos/pdi/pdi.php?pdi=18448,Planificación y Gestión de Precios,http://alojawebapps.us.es/centrosdptos/titulaciones/asignatura.php?codasig=1800045,2,2026-05-10T08:56:37+00:00
http://alojawebapps.us.es/centrosdptos/pdi/pdi.php?pdi=18448,Trabajo Fin de Grado,http://alojawebapps.us.es/centrosdptos/titulaciones/asignatura.php?codasig=1800048,3,2026-05-10T08:56:37+00:00
http://alojawebapps.us.es/centrosdptos/pdi/pdi.php?pdi=4951,Introducción al Marketing,http://alojawebapps.us.es/centrosdptos/titulaciones/asignatura.php?codasig=1510008,1,2026-05-10T08:56:38+00:00
http://alojawebapps.us.es/centrosdptos/pdi/pdi.php?pdi=4951,Prácticas en Empresas,http://alojawebapps.us.es/centrosdptos/titulaciones/asignatura.php?codasig=1510046,2,2026-05-10T08:56:38+00:00
http://alojawebapps.us.es/centrosdptos/pdi/pdi.php?pdi=4951,Trabajo Fin de Grado,http://alojawebapps.us.es/centrosdptos/titulaciones/asignatura.php?codasig=1510048,3,2026-05-10T08:56:38+00:00
http://alojawebapps.us.es/centrosdptos/pdi/pdi.php?pdi=4951,Investigación de Mercados Turísticos,http://alojawebapps.us.es/centrosdptos/titulaciones/asignatura.php?codasig=1790030,4,2026-05-10T08:56:38+00:00
http://alojawebapps.us.es/centrosdptos/pdi/pdi.php?pdi=4951,Trabajo Fin de Grado,http://alojawebapps.us.es/centrosdptos/titulaciones/asignatura.php?codasig=1790051,5,2026-05-10T08:56:38+00:00
http://alojawebapps.us.es/centrosdptos/pdi/pdi.php?pdi=4951,Planificación y Gestión de Medios Publicitarios,http://alojawebapps.us.es/centrosdptos/titulaciones/asignatura.php?codasig=2110023,6,2026-05-10T08:56:38+00:00
http://alojawebapps.us.es/centrosdptos/pdi/pdi.php?pdi=4951,Proyecto Fin de Grado,http://alojawebapps.us.es/centrosdptos/titulaciones/asignatura.php?codasig=2110048,7,2026-05-10T08:56:38+00:00
http://alojawebapps.us.es/centrosdptos/pdi/pdi.php?pdi=4951,Investigación de Mercados Turísticos,http://alojawebapps.us.es/centrosdptos/titulaciones/asignatura.php?codasig=2600030,8,2026-05-10T08:56:38+00:00
http://alojawebapps.us.es/centrosdptos/pdi/pdi.php?pdi=4951,Practicum en Empresas Turísticas,http://alojawebapps.us.es/centrosdptos/titulaciones/asignatura.php?codasig=2600047,9,2026-05-10T08:56:38+00:00
http://alojawebapps.us.es/centrosdptos/pdi/pdi.php?pdi=4951,Trabajo Fin de Grado,http://alojawebapps.us.es/centrosdptos/titulaciones/asignatura.php?codasig=2600057,10,2026-05-10T08:56:38+00:00
http://alojawebapps.us.es/centrosdptos/pdi/pdi.php?pdi=4951,Introducción al Marketing,http://alojawebapps.us.es/centrosdptos/titulaciones/asignatura.php?codasig=2610008,11,2026-05-10T08:56:38+00:00
http://alojawebapps.us.es/centrosdptos/pdi/pdi.php?pdi=2865,Organización del Trabajo,http://alojawebapps.us.es/centrosdptos/titulaciones/asignatura.php?codasig=1780019,1,2026-05-10T08:56:38+00:00
http://alojawebapps.us.es/centrosdptos/pdi/pdi.php?pdi=2865,Prácticum,http://alojawebapps.us.es/centrosdptos/titulaciones/asignatura.php?codasig=1780044,2,2026-05-10T08:56:38+00:00
http://alojawebapps.us.es/centrosdptos/pdi/pdi.php?pdi=2865,Trabajo Fin de Grado,http://alojawebapps.us.es/centrosdptos/titulaciones/asignatura.php?codasig=1780047,3,2026-05-10T08:56:38+00:00
http://alojawebapps.us.es/centrosdptos/pdi/pdi.php?pdi=2865,Organización del Trabajo,http://alojawebapps.us.es/centrosdptos/titulaciones/asignatura.php?codasig=2200044,4,2026-05-10T08:56:38+00:00
http://alojawebapps.us.es/centrosdptos/pdi/pdi.php?pdi=2865,Trabajo Fin de Grado,http://alojawebapps.us.es/centrosdptos/titulaciones/asignatura.php?codasig=2200058,5,2026-05-10T08:56:38+00:00
http://alojawebapps.us.es/centrosdptos/pdi/pdi.php?pdi=2375,Dirección Comercial,http://alojawebapps.us.es/centrosdptos/titulaciones/asignatura.php?codasig=1510023,1,2026-05-10T08:56:39+00:00
http://alojawebapps.us.es/centrosdptos/pdi/pdi.php?pdi=2375,Trabajo Fin de Grado,http://alojawebapps.us.es/centrosdptos/titulaciones/asignatura.php?codasig=1510048,2,2026-05-10T08:56:39+00:00
http://alojawebapps.us.es/centrosdptos/pdi/pdi.php?pdi=2375,Prácticas,http://alojawebapps.us.es/centrosdptos/titulaciones/asignatura.php?codasig=1800046,3,2026-05-10T08:56:39+00:00
http://alojawebapps.us.es/centrosdptos/pdi/pdi.php?pdi=2375,Introducción al Marketing,http://alojawebapps.us.es/centrosdptos/titulaciones/asignatura.php?codasig=1860011,4,2026-05-10T08:56:39+00:00
http://alojawebapps.us.es/centrosdptos/pdi/pdi.php?pdi=2375,Trabajo Fin de Grado,http://alojawebapps.us.es/centrosdptos/titulaciones/asignatura.php?codasig=1860063,5,2026-05-10T08:56:39+00:00
http://alojawebapps.us.es/centrosdptos/pdi/pdi.php?pdi=2375,Introducción al Marketing,http://alojawebapps.us.es/centrosdptos/titulaciones/asignatura.php?codasig=2660008,6,2026-05-10T08:56:39+00:00
http://alojawebapps.us.es/centrosdptos/pdi/pdi.php?pdi=2375,Diagnóstico e Investigación de Estrategias de Comunicación Institucional y Política,http://alojawebapps.us.es/centrosdptos/titulaciones/asignatura.php?codasig=52110005,7,2026-05-10T08:56:39+00:00
http://alojawebapps.us.es/centrosdptos/pdi/pdi.php?pdi=2375,Estrategias de Marketing y Dirección Comercial,http://alojawebapps.us.es/centrosdptos/titulaciones/asignatura.php?codasig=52150006,8,2026-05-10T08:56:39+00:00
http://alojawebapps.us.es/centrosdptos/pdi/pdi.php?pdi=2375,Realización del TFM,http://alojawebapps.us.es/centrosdptos/titulaciones/asignatura.php?codasig=52150014,9,2026-05-10T08:56:39+00:00
http://alojawebapps.us.es/centrosdptos/pdi/pdi.php?pdi=9654,Dirección Estratégica de Organizaciones Turísticas,http://alojawebapps.us.es/centrosdptos/titulaciones/asignatura.php?codasig=1790026,1,2026-05-10T08:56:40+00:00
http://alojawebapps.us.es/centrosdptos/pdi/pdi.php?pdi=9654,Empresas y Organizaciones Turísticas,http://alojawebapps.us.es/centrosdptos/titulaciones/asignatura.php?codasig=1790004,2,2026-05-10T08:56:40+00:00
http://alojawebapps.us.es/centrosdptos/pdi/pdi.php?pdi=9654,Trabajo Fin de Grado,http://alojawebapps.us.es/centrosdptos/titulaciones/asignatura.php?codasig=1790051,3,2026-05-10T08:56:40+00:00
http://alojawebapps.us.es/centrosdptos/pdi/pdi.php?pdi=9654,Dirección Estratégica de Organizaciones Turísticas,http://alojawebapps.us.es/centrosdptos/titulaciones/asignatura.php?codasig=2600026,4,2026-05-10T08:56:40+00:00
http://alojawebapps.us.es/centrosdptos/pdi/pdi.php?pdi=9654,Empresas y Organizaciones Turísticas,http://alojawebapps.us.es/centrosdptos/titulaciones/asignatura.php?codasig=2600004,5,2026-05-10T08:56:40+00:00
http://alojawebapps.us.es/centrosdptos/pdi/pdi.php?pdi=9654,Practicum en Empresas Turísticas,http://alojawebapps.us.es/centrosdptos/titulaciones/asignatura.php?codasig=2600047,6,2026-05-10T08:56:40+00:00
http://alojawebapps.us.es/centrosdptos/pdi/pdi.php?pdi=9654,Practicum en Empresas Turísticas Internacionales,http://alojawebapps.us.es/centrosdptos/titulaciones/asignatura.php?codasig=2600048,7,2026-05-10T08:56:40+00:00
http://alojawebapps.us.es/centrosdptos/pdi/pdi.php?pdi=9654,Trabajo Fin de Grado,http://alojawebapps.us.es/centrosdptos/titulaciones/asignatura.php?codasig=2600057,8,2026-05-10T08:56:40+00:00
http://alojawebapps.us.es/centrosdptos/pdi/pdi.php?pdi=9654,Empresas y Organizaciones Turísticas,http://alojawebapps.us.es/centrosdptos/titulaciones/asignatura.php?codasig=2630005,9,2026-05-10T08:56:40+00:00
http://alojawebapps.us.es/centrosdptos/pdi/pdi.php?pdi=9654,Innovación e Inteligencia Natural,http://alojawebapps.us.es/centrosdptos/titulaciones/asignatura.php?codasig=50630037,10,2026-05-10T08:56:40+00:00
http://alojawebapps.us.es/centrosdptos/pdi/pdi.php?pdi=9654,Orientación al Mercado e Internacionalización,http://alojawebapps.us.es/centrosdptos/titulaciones/asignatura.php?codasig=50850019,11,2026-05-10T08:56:40+00:00
http://alojawebapps.us.es/centrosdptos/pdi/pdi.php?pdi=9654,Trabajo Fin de Master,http://alojawebapps.us.es/centrosdptos/titulaciones/asignatura.php?codasig=50850021,12,2026-05-10T08:56:40+00:00
http://alojawebapps.us.es/centrosdptos/pdi/pdi.php?pdi=9654,Estrategia Empresarial Avanzada,http://alojawebapps.us.es/centrosdptos/titulaciones/asignatura.php?codasig=52150004,13,2026-05-10T08:56:40+00:00
http://alojawebapps.us.es/centrosdptos/pdi/pdi.php?pdi=9654,Realización del TFM,http://alojawebapps.us.es/centrosdptos/titulaciones/asignatura.php?codasig=52150014,14,2026-05-10T08:56:40+00:00
http://alojawebapps.us.es/centrosdptos/pdi/pdi.php?pdi=6277,Dirección de RR.HH. II,http://alojawebapps.us.es/centrosdptos/titulaciones/asignatura.php?codasig=1510035,1,2026-05-10T08:56:41+00:00
http://alojawebapps.us.es/centrosdptos/pdi/pdi.php?pdi=6277,Gestión de los Recursos Humanos en el Sector Turístico,http://alojawebapps.us.es/centrosdptos/titulaciones/asignatura.php?codasig=1790028,2,2026-05-10T08:56:41+00:00
http://alojawebapps.us.es/centrosdptos/pdi/pdi.php?pdi=6277,Gestión de los Recursos Humanos en el Sector Turístico,http://alojawebapps.us.es/centrosdptos/titulaciones/asignatura.php?codasig=2600028,3,2026-05-10T08:56:41+00:00
http://alojawebapps.us.es/centrosdptos/pdi/pdi.php?pdi=3922,Organización de Empresas II,http://alojawebapps.us.es/centrosdptos/titulaciones/asignatura.php?codasig=1510018,1,2026-05-10T08:56:41+00:00
http://alojawebapps.us.es/centrosdptos/pdi/pdi.php?pdi=3922,Prácticas en Empresas,http://alojawebapps.us.es/centrosdptos/titulaciones/asignatura.php?codasig=1510046,2,2026-05-10T08:56:41+00:00
http://alojawebapps.us.es/centrosdptos/pdi/pdi.php?pdi=3922,Trabajo Fin de Grado,http://alojawebapps.us.es/centrosdptos/titulaciones/asignatura.php?codasig=1510048,3,2026-05-10T08:56:41+00:00
http://alojawebapps.us.es/centrosdptos/pdi/pdi.php?pdi=3922,Organización de Empresas II,http://alojawebapps.us.es/centrosdptos/titulaciones/asignatura.php?codasig=2610019,4,2026-05-10T08:56:41+00:00
http://alojawebapps.us.es/centrosdptos/pdi/pdi.php?pdi=3922,Sistemas de Información y Gestión del Conocimiento,http://alojawebapps.us.es/centrosdptos/titulaciones/asignatura.php?codasig=50850007,5,2026-05-10T08:56:41+00:00
http://alojawebapps.us.es/centrosdptos/pdi/pdi.php?pdi=3922,Trabajo Fin de Master,http://alojawebapps.us.es/centrosdptos/titulaciones/asignatura.php?codasig=50850021,6,2026-05-10T08:56:41+00:00
http://alojawebapps.us.es/centrosdptos/pdi/pdi.php?pdi=3922,Técnicas de Análisis Confirmatorio-Predictivo de Datos,http://alojawebapps.us.es/centrosdptos/titulaciones/asignatura.php?codasig=52150015,7,2026-05-10T08:56:41+00:00
http://alojawebapps.us.es/centrosdptos/pdi/pdi.php?pdi=2889,Dirección y Gestión de los Recursos Humanos,http://alojawebapps.us.es/centrosdptos/titulaciones/asignatura.php?codasig=1780014,1,2026-05-10T08:56:42+00:00
http://alojawebapps.us.es/centrosdptos/pdi/pdi.php?pdi=2371,Auditoría de la Gestión de los Recursos Humanos,http://alojawebapps.us.es/centrosdptos/titulaciones/asignatura.php?codasig=1780030,1,2026-05-10T08:56:43+00:00
http://alojawebapps.us.es/centrosdptos/pdi/pdi.php?pdi=2371,Dirección y Gestión de los Recursos Humanos,http://alojawebapps.us.es/centrosdptos/titulaciones/asignatura.php?codasig=1780014,2,2026-05-10T08:56:43+00:00
http://alojawebapps.us.es/centrosdptos/pdi/pdi.php?pdi=2371,Dirección y Gestión de los Recursos Humanos,http://alojawebapps.us.es/centrosdptos/titulaciones/asignatura.php?codasig=2200016,3,2026-05-10T08:56:43+00:00
http://alojawebapps.us.es/centrosdptos/pdi/pdi.php?pdi=5007,Distribución Comercial,http://alojawebapps.us.es/centrosdptos/titulaciones/asignatura.php?codasig=1510039,1,2026-05-10T08:56:44+00:00
http://alojawebapps.us.es/centrosdptos/pdi/pdi.php?pdi=5007,Prácticas en Empresas,http://alojawebapps.us.es/centrosdptos/titulaciones/asignatura.php?codasig=1510046,2,2026-05-10T08:56:44+00:00
http://alojawebapps.us.es/centrosdptos/pdi/pdi.php?pdi=5007,Trabajo Fin de Grado,http://alojawebapps.us.es/centrosdptos/titulaciones/asignatura.php?codasig=1510048,3,2026-05-10T08:56:44+00:00
http://alojawebapps.us.es/centrosdptos/pdi/pdi.php?pdi=5007,El Comportamiento del Consumidor: Análisis de la Heterogeneidad del Mercado,http://alojawebapps.us.es/centrosdptos/titulaciones/asignatura.php?codasig=50850012,4,2026-05-10T08:56:44+00:00
http://alojawebapps.us.es/centrosdptos/pdi/pdi.php?pdi=5007,Trabajo Fin de Master,http://alojawebapps.us.es/centrosdptos/titulaciones/asignatura.php?codasig=50850021,5,2026-05-10T08:56:44+00:00
http://alojawebapps.us.es/centrosdptos/pdi/pdi.php?pdi=5007,Estrategias y Técnicas de Segmentación y Posicionamiento,http://alojawebapps.us.es/centrosdptos/titulaciones/asignatura.php?codasig=52150007,6,2026-05-10T08:56:44+00:00
http://alojawebapps.us.es/centrosdptos/pdi/pdi.php?pdi=5007,Realización del TFM,http://alojawebapps.us.es/centrosdptos/titulaciones/asignatura.php?codasig=52150014,7,2026-05-10T08:56:44+00:00
http://alojawebapps.us.es/centrosdptos/pdi/pdi.php?pdi=2880,Trabajo Fin de Grado,http://alojawebapps.us.es/centrosdptos/titulaciones/asignatura.php?codasig=1510048,1,2026-05-10T08:56:44+00:00
http://alojawebapps.us.es/centrosdptos/pdi/pdi.php?pdi=2880,Trabajo Fin de Grado,http://alojawebapps.us.es/centrosdptos/titulaciones/asignatura.php?codasig=1800048,2,2026-05-10T08:56:44+00:00
http://alojawebapps.us.es/centrosdptos/pdi/pdi.php?pdi=2880,Dirección Comercial,http://alojawebapps.us.es/centrosdptos/titulaciones/asignatura.php?codasig=1860048,3,2026-05-10T08:56:44+00:00
http://alojawebapps.us.es/centrosdptos/pdi/pdi.php?pdi=2880,Prácticas en Empresas (ADE),http://alojawebapps.us.es/centrosdptos/titulaciones/asignatura.php?codasig=1860062,4,2026-05-10T08:56:44+00:00
http://alojawebapps.us.es/centrosdptos/pdi/pdi.php?pdi=2880,Trabajo Fin de Grado,http://alojawebapps.us.es/centrosdptos/titulaciones/asignatura.php?codasig=1860063,5,2026-05-10T08:56:44+00:00
http://alojawebapps.us.es/centrosdptos/pdi/pdi.php?pdi=2880,El Impacto de la Globalización de los Mercados en el Comportamiento del Consumidor,http://alojawebapps.us.es/centrosdptos/titulaciones/asignatura.php?codasig=50850025,6,2026-05-10T08:56:44+00:00
http://alojawebapps.us.es/centrosdptos/pdi/pdi.php?pdi=2880,Gestión de la Diversidad Cultural de las Empresas Internacionales,http://alojawebapps.us.es/centrosdptos/titulaciones/asignatura.php?codasig=50850014,7,2026-05-10T08:56:44+00:00
http://alojawebapps.us.es/centrosdptos/pdi/pdi.php?pdi=2880,Trabajo Fin de Master,http://alojawebapps.us.es/centrosdptos/titulaciones/asignatura.php?codasig=50850021,8,2026-05-10T08:56:44+00:00
http://alojawebapps.us.es/centrosdptos/pdi/pdi.php?pdi=2880,Plan de Marketing en la Práctica,http://alojawebapps.us.es/centrosdptos/titulaciones/asignatura.php?codasig=52150012,9,2026-05-10T08:56:44+00:00
http://alojawebapps.us.es/centrosdptos/pdi/pdi.php?pdi=2880,Realización del TFM,http://alojawebapps.us.es/centrosdptos/titulaciones/asignatura.php?codasig=52150014,10,2026-05-10T08:56:44+00:00
http://alojawebapps.us.es/centrosdptos/pdi/pdi.php?pdi=4463,Creación de Empresas,http://alojawebapps.us.es/centrosdptos/titulaciones/asignatura.php?codasig=1610035,1,2026-05-10T08:56:45+00:00
http://alojawebapps.us.es/centrosdptos/pdi/pdi.php?pdi=4463,Prácticas,http://alojawebapps.us.es/centrosdptos/titulaciones/asignatura.php?codasig=1610045,2,2026-05-10T08:56:45+00:00
http://alojawebapps.us.es/centrosdptos/pdi/pdi.php?pdi=4463,Trabajo Fin de Grado,http://alojawebapps.us.es/centrosdptos/titulaciones/asignatura.php?codasig=1610049,3,2026-05-10T08:56:45+00:00
http://alojawebapps.us.es/centrosdptos/pdi/pdi.php?pdi=4463,Gestión de la Excelencia y Turismo,http://alojawebapps.us.es/centrosdptos/titulaciones/asignatura.php?codasig=50630015,4,2026-05-10T08:56:45+00:00
http://alojawebapps.us.es/centrosdptos/pdi/pdi.php?pdi=4935,Introducción a la Economía de la Empresa (Organización),http://alojawebapps.us.es/centrosdptos/titulaciones/asignatura.php?codasig=1510007,1,2026-05-10T08:56:46+00:00
http://alojawebapps.us.es/centrosdptos/pdi/pdi.php?pdi=4935,Prácticas en Empresas,http://alojawebapps.us.es/centrosdptos/titulaciones/asignatura.php?codasig=1510046,2,2026-05-10T08:56:46+00:00
http://alojawebapps.us.es/centrosdptos/pdi/pdi.php?pdi=4935,Trabajo Fin de Grado,http://alojawebapps.us.es/centrosdptos/titulaciones/asignatura.php?codasig=1510048,3,2026-05-10T08:56:46+00:00
http://alojawebapps.us.es/centrosdptos/pdi/pdi.php?pdi=4935,Introducción a la Economía de la Empresa,http://alojawebapps.us.es/centrosdptos/titulaciones/asignatura.php?codasig=1560007,4,2026-05-10T08:56:46+00:00
http://alojawebapps.us.es/centrosdptos/pdi/pdi.php?pdi=4935,Prácticas,http://alojawebapps.us.es/centrosdptos/titulaciones/asignatura.php?codasig=1560048,5,2026-05-10T08:56:46+00:00
http://alojawebapps.us.es/centrosdptos/pdi/pdi.php?pdi=4935,Trabajo Fin de Grado,http://alojawebapps.us.es/centrosdptos/titulaciones/asignatura.php?codasig=1560049,6,2026-05-10T08:56:46+00:00
http://alojawebapps.us.es/centrosdptos/pdi/pdi.php?pdi=4935,Introducción a la Economía de la Empresa (Organización),http://alojawebapps.us.es/centrosdptos/titulaciones/asignatura.php?codasig=1860010,7,2026-05-10T08:56:46+00:00
http://alojawebapps.us.es/centrosdptos/pdi/pdi.php?pdi=4935,Introducción a la Economía de la Empresa (Organización),http://alojawebapps.us.es/centrosdptos/titulaciones/asignatura.php?codasig=2610007,8,2026-05-10T08:56:46+00:00
http://alojawebapps.us.es/centrosdptos/pdi/pdi.php?pdi=4935,Introducción a la Economía de la Empresa (Organización),http://alojawebapps.us.es/centrosdptos/titulaciones/asignatura.php?codasig=2660007,9,2026-05-10T08:56:46+00:00
http://alojawebapps.us.es/centrosdptos/pdi/pdi.php?pdi=4935,Etica y Responsabilidad Social en los Negocios Internacionales,http://alojawebapps.us.es/centrosdptos/titulaciones/asignatura.php?codasig=50850013,10,2026-05-10T08:56:46+00:00
http://alojawebapps.us.es/centrosdptos/pdi/pdi.php?pdi=4935,Trabajo Fin de Master,http://alojawebapps.us.es/centrosdptos/titulaciones/asignatura.php?codasig=50850021,11,2026-05-10T08:56:46+00:00
http://alojawebapps.us.es/centrosdptos/pdi/pdi.php?pdi=4935,Ética y Responsabilidad Social en un Contexto Europeo e Internacional,http://alojawebapps.us.es/centrosdptos/titulaciones/asignatura.php?codasig=51870006,12,2026-05-10T08:56:46+00:00
http://alojawebapps.us.es/centrosdptos/pdi/pdi.php?pdi=4935,Trabajo Fin de Máster,http://alojawebapps.us.es/centrosdptos/titulaciones/asignatura.php?codasig=51870019,13,2026-05-10T08:56:46+00:00
http://alojawebapps.us.es/centrosdptos/pdi/pdi.php?pdi=4935,Ética y Responsabilidad Social en un Contexto Europeo e Internacional,http://alojawebapps.us.es/centrosdptos/titulaciones/asignatura.php?codasig=51910034,14,2026-05-10T08:56:46+00:00
http://alojawebapps.us.es/centrosdptos/pdi/pdi.php?pdi=4935,Trabajo Fin de Máster (MCCTT),http://alojawebapps.us.es/centrosdptos/titulaciones/asignatura.php?codasig=51910039,15,2026-05-10T08:56:46+00:00
http://alojawebapps.us.es/centrosdptos/pdi/pdi.php?pdi=3611,Dirección Comercial,http://alojawebapps.us.es/centrosdptos/titulaciones/asignatura.php?codasig=1510023,1,2026-05-10T08:56:47+00:00
http://alojawebapps.us.es/centrosdptos/pdi/pdi.php?pdi=3611,Introducción al Marketing,http://alojawebapps.us.es/centrosdptos/titulaciones/asignatura.php?codasig=1510008,2,2026-05-10T08:56:47+00:00
http://alojawebapps.us.es/centrosdptos/pdi/pdi.php?pdi=3611,Prácticas en Empresas,http://alojawebapps.us.es/centrosdptos/titulaciones/asignatura.php?codasig=1510046,3,2026-05-10T08:56:47+00:00
http://alojawebapps.us.es/centrosdptos/pdi/pdi.php?pdi=3611,Trabajo Fin de Grado,http://alojawebapps.us.es/centrosdptos/titulaciones/asignatura.php?codasig=1510048,4,2026-05-10T08:56:47+00:00
http://alojawebapps.us.es/centrosdptos/pdi/pdi.php?pdi=3611,Introducción al Marketing,http://alojawebapps.us.es/centrosdptos/titulaciones/asignatura.php?codasig=1560008,5,2026-05-10T08:56:47+00:00
http://alojawebapps.us.es/centrosdptos/pdi/pdi.php?pdi=3611,Trabajo Fin de Grado,http://alojawebapps.us.es/centrosdptos/titulaciones/asignatura.php?codasig=1560049,6,2026-05-10T08:56:47+00:00
http://alojawebapps.us.es/centrosdptos/pdi/pdi.php?pdi=3611,Introducción al Marketing,http://alojawebapps.us.es/centrosdptos/titulaciones/asignatura.php?codasig=1860011,7,2026-05-10T08:56:47+00:00
http://alojawebapps.us.es/centrosdptos/pdi/pdi.php?pdi=3611,Introducción al Marketing,http://alojawebapps.us.es/centrosdptos/titulaciones/asignatura.php?codasig=2340014,8,2026-05-10T08:56:47+00:00
http://alojawebapps.us.es/centrosdptos/pdi/pdi.php?pdi=3611,Trabajo Fin de Grado,http://alojawebapps.us.es/centrosdptos/titulaciones/asignatura.php?codasig=2340076,9,2026-05-10T08:56:47+00:00
http://alojawebapps.us.es/centrosdptos/pdi/pdi.php?pdi=3611,Introducción al Marketing,http://alojawebapps.us.es/centrosdptos/titulaciones/asignatura.php?codasig=2610008,10,2026-05-10T08:56:47+00:00
http://alojawebapps.us.es/centrosdptos/pdi/pdi.php?pdi=3611,Introducción al Marketing,http://alojawebapps.us.es/centrosdptos/titulaciones/asignatura.php?codasig=2660008,11,2026-05-10T08:56:47+00:00
http://alojawebapps.us.es/centrosdptos/pdi/pdi.php?pdi=3611,Diagnóstico e Investigación de Estrategias de Comunicación Institucional y Política,http://alojawebapps.us.es/centrosdptos/titulaciones/asignatura.php?codasig=52110005,12,2026-05-10T08:56:47+00:00
http://alojawebapps.us.es/centrosdptos/pdi/pdi.php?pdi=3611,Realización del TFM,http://alojawebapps.us.es/centrosdptos/titulaciones/asignatura.php?codasig=52150014,13,2026-05-10T08:56:47+00:00
http://alojawebapps.us.es/centrosdptos/pdi/pdi.php?pdi=5832,Prácticas en Empresas,http://alojawebapps.us.es/centrosdptos/titulaciones/asignatura.php?codasig=1510046,1,2026-05-10T08:56:47+00:00
http://alojawebapps.us.es/centrosdptos/pdi/pdi.php?pdi=5832,Comportamiento del Consumidor,http://alojawebapps.us.es/centrosdptos/titulaciones/asignatura.php?codasig=1800032,2,2026-05-10T08:56:47+00:00
http://alojawebapps.us.es/centrosdptos/pdi/pdi.php?pdi=5832,Comunicación Comercial,http://alojawebapps.us.es/centrosdptos/titulaciones/asignatura.php?codasig=1800054,3,2026-05-10T08:56:47+00:00
http://alojawebapps.us.es/centrosdptos/pdi/pdi.php?pdi=5832,Prácticas,http://alojawebapps.us.es/centrosdptos/titulaciones/asignatura.php?codasig=1800046,4,2026-05-10T08:56:47+00:00
http://alojawebapps.us.es/centrosdptos/pdi/pdi.php?pdi=5832,Trabajo Fin de Grado,http://alojawebapps.us.es/centrosdptos/titulaciones/asignatura.php?codasig=1800048,5,2026-05-10T08:56:47+00:00
http://alojawebapps.us.es/centrosdptos/pdi/pdi.php?pdi=5832,Trabajo Fin de Grado,http://alojawebapps.us.es/centrosdptos/titulaciones/asignatura.php?codasig=2600057,6,2026-05-10T08:56:47+00:00
http://alojawebapps.us.es/centrosdptos/pdi/pdi.php?pdi=5832,Ciencia de Datos Aplicada al Marketing con R,http://alojawebapps.us.es/centrosdptos/titulaciones/asignatura.php?codasig=52150002,7,2026-05-10T08:56:47+00:00
http://alojawebapps.us.es/centrosdptos/pdi/pdi.php?pdi=18498,Investigación de Mercados I,http://alojawebapps.us.es/centrosdptos/titulaciones/asignatura.php?codasig=1800016,1,2026-05-10T08:56:48+00:00
http://alojawebapps.us.es/centrosdptos/pdi/pdi.php?pdi=6315,Dirección Estratégica de Organizaciones Turísticas,http://alojawebapps.us.es/centrosdptos/titulaciones/asignatura.php?codasig=1790026,1,2026-05-10T08:56:49+00:00
http://alojawebapps.us.es/centrosdptos/pdi/pdi.php?pdi=6315,Empresas y Organizaciones Turísticas,http://alojawebapps.us.es/centrosdptos/titulaciones/asignatura.php?codasig=1790004,2,2026-05-10T08:56:49+00:00
http://alojawebapps.us.es/centrosdptos/pdi/pdi.php?pdi=6315,Trabajo Fin de Grado,http://alojawebapps.us.es/centrosdptos/titulaciones/asignatura.php?codasig=1790051,3,2026-05-10T08:56:49+00:00
http://alojawebapps.us.es/centrosdptos/pdi/pdi.php?pdi=6315,Dirección Estratégica de Organizaciones Turísticas,http://alojawebapps.us.es/centrosdptos/titulaciones/asignatura.php?codasig=2600026,4,2026-05-10T08:56:49+00:00
http://alojawebapps.us.es/centrosdptos/pdi/pdi.php?pdi=6315,Empresas y Organizaciones Turísticas,http://alojawebapps.us.es/centrosdptos/titulaciones/asignatura.php?codasig=2600004,5,2026-05-10T08:56:49+00:00
http://alojawebapps.us.es/centrosdptos/pdi/pdi.php?pdi=6315,Practicum en Empresas Turísticas,http://alojawebapps.us.es/centrosdptos/titulaciones/asignatura.php?codasig=2600047,6,2026-05-10T08:56:49+00:00
http://alojawebapps.us.es/centrosdptos/pdi/pdi.php?pdi=6315,Practicum en Organizaciones de Destino,http://alojawebapps.us.es/centrosdptos/titulaciones/asignatura.php?codasig=2600049,7,2026-05-10T08:56:49+00:00
http://alojawebapps.us.es/centrosdptos/pdi/pdi.php?pdi=6315,Empresas y Organizaciones Turísticas,http://alojawebapps.us.es/centrosdptos/titulaciones/asignatura.php?codasig=2630005,8,2026-05-10T08:56:49+00:00
http://alojawebapps.us.es/centrosdptos/pdi/pdi.php?pdi=5854,Marketing,http://alojawebapps.us.es/centrosdptos/titulaciones/asignatura.php?codasig=1610017,1,2026-05-10T08:56:49+00:00
http://alojawebapps.us.es/centrosdptos/pdi/pdi.php?pdi=5854,Investigación de Mercados Turísticos,http://alojawebapps.us.es/centrosdptos/titulaciones/asignatura.php?codasig=1790030,2,2026-05-10T08:56:49+00:00
http://alojawebapps.us.es/centrosdptos/pdi/pdi.php?pdi=5854,Marketing Turístico,http://alojawebapps.us.es/centrosdptos/titulaciones/asignatura.php?codasig=1790007,3,2026-05-10T08:56:49+00:00
http://alojawebapps.us.es/centrosdptos/pdi/pdi.php?pdi=5854,Investigación de Mercados Turísticos,http://alojawebapps.us.es/centrosdptos/titulaciones/asignatura.php?codasig=2600030,4,2026-05-10T08:56:49+00:00
http://alojawebapps.us.es/centrosdptos/pdi/pdi.php?pdi=5854,Marketing Turístico,http://alojawebapps.us.es/centrosdptos/titulaciones/asignatura.php?codasig=2600007,5,2026-05-10T08:56:49+00:00
http://alojawebapps.us.es/centrosdptos/pdi/pdi.php?pdi=5854,Practicum en Empresas Turísticas,http://alojawebapps.us.es/centrosdptos/titulaciones/asignatura.php?codasig=2600047,6,2026-05-10T08:56:49+00:00
http://alojawebapps.us.es/centrosdptos/pdi/pdi.php?pdi=5854,Marketing Turístico,http://alojawebapps.us.es/centrosdptos/titulaciones/asignatura.php?codasig=2630008,7,2026-05-10T08:56:49+00:00
http://alojawebapps.us.es/centrosdptos/pdi/pdi.php?pdi=5854,Plan de Negocios Internacional,http://alojawebapps.us.es/centrosdptos/titulaciones/asignatura.php?codasig=51870013,8,2026-05-10T08:56:49+00:00
http://alojawebapps.us.es/centrosdptos/pdi/pdi.php?pdi=5854,Plan de Negocios Internacional,http://alojawebapps.us.es/centrosdptos/titulaciones/asignatura.php?codasig=51910021,9,2026-05-10T08:56:49+00:00
http://alojawebapps.us.es/centrosdptos/pdi/pdi.php?pdi=18398,Organización de Empresas II,http://alojawebapps.us.es/centrosdptos/titulaciones/asignatura.php?codasig=1510018,1,2026-05-10T08:56:50+00:00
http://alojawebapps.us.es/centrosdptos/pdi/pdi.php?pdi=18398,Plan de Empresa,http://alojawebapps.us.es/centrosdptos/titulaciones/asignatura.php?codasig=1510045,2,2026-05-10T08:56:50+00:00
http://alojawebapps.us.es/centrosdptos/pdi/pdi.php?pdi=18398,Trabajo Fin de Grado,http://alojawebapps.us.es/centrosdptos/titulaciones/asignatura.php?codasig=1510048,3,2026-05-10T08:56:50+00:00
http://alojawebapps.us.es/centrosdptos/pdi/pdi.php?pdi=18398,Administración de Empresas,http://alojawebapps.us.es/centrosdptos/titulaciones/asignatura.php?codasig=1780001,4,2026-05-10T08:56:50+00:00
http://alojawebapps.us.es/centrosdptos/pdi/pdi.php?pdi=18398,Organización de Empresas II,http://alojawebapps.us.es/centrosdptos/titulaciones/asignatura.php?codasig=2610019,5,2026-05-10T08:56:50+00:00
http://alojawebapps.us.es/centrosdptos/pdi/pdi.php?pdi=15838,Organización de Empresas II,http://alojawebapps.us.es/centrosdptos/titulaciones/asignatura.php?codasig=1510018,1,2026-05-10T08:56:51+00:00
http://alojawebapps.us.es/centrosdptos/pdi/pdi.php?pdi=15838,Prácticas en Empresas,http://alojawebapps.us.es/centrosdptos/titulaciones/asignatura.php?codasig=1510046,2,2026-05-10T08:56:51+00:00
http://alojawebapps.us.es/centrosdptos/pdi/pdi.php?pdi=15838,Prácticas,http://alojawebapps.us.es/centrosdptos/titulaciones/asignatura.php?codasig=1610045,3,2026-05-10T08:56:51+00:00
http://alojawebapps.us.es/centrosdptos/pdi/pdi.php?pdi=15838,PYMES y Gestión de la Calidad,http://alojawebapps.us.es/centrosdptos/titulaciones/asignatura.php?codasig=1610046,4,2026-05-10T08:56:51+00:00
http://alojawebapps.us.es/centrosdptos/pdi/pdi.php?pdi=15838,Trabajo Fin de Grado,http://alojawebapps.us.es/centrosdptos/titulaciones/asignatura.php?codasig=1610049,5,2026-05-10T08:56:51+00:00
http://alojawebapps.us.es/centrosdptos/pdi/pdi.php?pdi=15838,Administración de Empresas,http://alojawebapps.us.es/centrosdptos/titulaciones/asignatura.php?codasig=1780001,6,2026-05-10T08:56:51+00:00
http://alojawebapps.us.es/centrosdptos/pdi/pdi.php?pdi=15838,Prácticum,http://alojawebapps.us.es/centrosdptos/titulaciones/asignatura.php?codasig=1780044,7,2026-05-10T08:56:51+00:00
http://alojawebapps.us.es/centrosdptos/pdi/pdi.php?pdi=15838,Trabajo Fin de Grado,http://alojawebapps.us.es/centrosdptos/titulaciones/asignatura.php?codasig=1780047,8,2026-05-10T08:56:51+00:00
http://alojawebapps.us.es/centrosdptos/pdi/pdi.php?pdi=15838,Organización de Empresas II,http://alojawebapps.us.es/centrosdptos/titulaciones/asignatura.php?codasig=2610019,9,2026-05-10T08:56:51+00:00
http://alojawebapps.us.es/centrosdptos/pdi/pdi.php?pdi=15838,Empresa Global y Gestión de Intangibles,http://alojawebapps.us.es/centrosdptos/titulaciones/asignatura.php?codasig=51770006,10,2026-05-10T08:56:51+00:00
http://alojawebapps.us.es/centrosdptos/pdi/pdi.php?pdi=15838,Trabajo Fin de Máster,http://alojawebapps.us.es/centrosdptos/titulaciones/asignatura.php?codasig=51770023,11,2026-05-10T08:56:51+00:00
http://alojawebapps.us.es/centrosdptos/pdi/pdi.php?pdi=15838,Trabajo Fin de Máster,http://alojawebapps.us.es/centrosdptos/titulaciones/asignatura.php?codasig=51870019,12,2026-05-10T08:56:51+00:00
http://alojawebapps.us.es/centrosdptos/pdi/pdi.php?pdi=5354,Dirección Estratégica de los Recursos Humanos,http://alojawebapps.us.es/centrosdptos/titulaciones/asignatura.php?codasig=1780035,1,2026-05-10T08:56:52+00:00
http://alojawebapps.us.es/centrosdptos/pdi/pdi.php?pdi=5354,Dirección y Gestión de los Recursos Humanos,http://alojawebapps.us.es/centrosdptos/titulaciones/asignatura.php?codasig=1780014,2,2026-05-10T08:56:52+00:00
http://alojawebapps.us.es/centrosdptos/pdi/pdi.php?pdi=5354,Prácticum,http://alojawebapps.us.es/centrosdptos/titulaciones/asignatura.php?codasig=1780044,3,2026-05-10T08:56:52+00:00
http://alojawebapps.us.es/centrosdptos/pdi/pdi.php?pdi=5354,Trabajo Fin de Grado,http://alojawebapps.us.es/centrosdptos/titulaciones/asignatura.php?codasig=1780047,4,2026-05-10T08:56:52+00:00
http://alojawebapps.us.es/centrosdptos/pdi/pdi.php?pdi=5354,Dirección Estratégica de los Recursos Humanos,http://alojawebapps.us.es/centrosdptos/titulaciones/asignatura.php?codasig=2200050,5,2026-05-10T08:56:52+00:00
http://alojawebapps.us.es/centrosdptos/pdi/pdi.php?pdi=5354,Dirección y Organización,http://alojawebapps.us.es/centrosdptos/titulaciones/asignatura.php?codasig=2200037,6,2026-05-10T08:56:52+00:00
http://alojawebapps.us.es/centrosdptos/pdi/pdi.php?pdi=5354,Prácticum,http://alojawebapps.us.es/centrosdptos/titulaciones/asignatura.php?codasig=2200052,7,2026-05-10T08:56:52+00:00
http://alojawebapps.us.es/centrosdptos/pdi/pdi.php?pdi=5354,Gestión TI: Dirección y Gestión de Empresas,http://alojawebapps.us.es/centrosdptos/titulaciones/asignatura.php?codasig=51790008,8,2026-05-10T08:56:52+00:00
http://alojawebapps.us.es/centrosdptos/pdi/pdi.php?pdi=17566,Administración de Empresas,http://alojawebapps.us.es/centrosdptos/titulaciones/asignatura.php?codasig=1780001,1,2026-05-10T08:56:52+00:00
http://alojawebapps.us.es/centrosdptos/pdi/pdi.php?pdi=17566,Dirección Estratégica de Organizaciones Turísticas,http://alojawebapps.us.es/centrosdptos/titulaciones/asignatura.php?codasig=1790026,2,2026-05-10T08:56:52+00:00
http://alojawebapps.us.es/centrosdptos/pdi/pdi.php?pdi=17566,Administración de Empresas,http://alojawebapps.us.es/centrosdptos/titulaciones/asignatura.php?codasig=2200001,3,2026-05-10T08:56:52+00:00
http://alojawebapps.us.es/centrosdptos/pdi/pdi.php?pdi=17566,Dirección Estratégica de Organizaciones Turísticas,http://alojawebapps.us.es/centrosdptos/titulaciones/asignatura.php?codasig=2600026,4,2026-05-10T08:56:52+00:00
http://alojawebapps.us.es/centrosdptos/pdi/pdi.php?pdi=3445,Dirección Estratégica de los Recursos Humanos,http://alojawebapps.us.es/centrosdptos/titulaciones/asignatura.php?codasig=1780035,1,2026-05-10T08:56:53+00:00
http://alojawebapps.us.es/centrosdptos/pdi/pdi.php?pdi=3445,Dirección y Gestión de los Recursos Humanos,http://alojawebapps.us.es/centrosdptos/titulaciones/asignatura.php?codasig=1780014,2,2026-05-10T08:56:53+00:00
http://alojawebapps.us.es/centrosdptos/pdi/pdi.php?pdi=3445,Prácticum,http://alojawebapps.us.es/centrosdptos/titulaciones/asignatura.php?codasig=1780044,3,2026-05-10T08:56:53+00:00
http://alojawebapps.us.es/centrosdptos/pdi/pdi.php?pdi=3445,Trabajo Fin de Grado,http://alojawebapps.us.es/centrosdptos/titulaciones/asignatura.php?codasig=1780047,4,2026-05-10T08:56:53+00:00
http://alojawebapps.us.es/centrosdptos/pdi/pdi.php?pdi=3445,Trabajo Fin de Máster,http://alojawebapps.us.es/centrosdptos/titulaciones/asignatura.php?codasig=51770023,5,2026-05-10T08:56:53+00:00
http://alojawebapps.us.es/centrosdptos/pdi/pdi.php?pdi=17856,Dirección de Recursos Humanos I,http://alojawebapps.us.es/centrosdptos/titulaciones/asignatura.php?codasig=1510024,1,2026-05-10T08:56:54+00:00
http://alojawebapps.us.es/centrosdptos/pdi/pdi.php?pdi=17856,Trabajo Fin de Grado,http://alojawebapps.us.es/centrosdptos/titulaciones/asignatura.php?codasig=1510048,2,2026-05-10T08:56:54+00:00
http://alojawebapps.us.es/centrosdptos/pdi/pdi.php?pdi=17856,Comercio y Relaciones Internacionales de Asia Oriental,http://alojawebapps.us.es/centrosdptos/titulaciones/asignatura.php?codasig=2190016,3,2026-05-10T08:56:54+00:00
http://alojawebapps.us.es/centrosdptos/pdi/pdi.php?pdi=17856,Economía de las Empresas Asiáticas y su Penetración en España e Iberoámerica,http://alojawebapps.us.es/centrosdptos/titulaciones/asignatura.php?codasig=2190045,4,2026-05-10T08:56:54+00:00
http://alojawebapps.us.es/centrosdptos/pdi/pdi.php?pdi=17856,Habilidades Directivas y Culturales en Organizaciones de Asia Oriental,http://alojawebapps.us.es/centrosdptos/titulaciones/asignatura.php?codasig=2190058,5,2026-05-10T08:56:54+00:00
http://alojawebapps.us.es/centrosdptos/pdi/pdi.php?pdi=17856,Trabajo Fin de Grado,http://alojawebapps.us.es/centrosdptos/titulaciones/asignatura.php?codasig=2190074,6,2026-05-10T08:56:54+00:00
http://alojawebapps.us.es/centrosdptos/pdi/pdi.php?pdi=2397,Dirección y Organización,http://alojawebapps.us.es/centrosdptos/titulaciones/asignatura.php?codasig=1610014,1,2026-05-10T08:56:55+00:00
http://alojawebapps.us.es/centrosdptos/pdi/pdi.php?pdi=2397,Trabajo Fin de Grado,http://alojawebapps.us.es/centrosdptos/titulaciones/asignatura.php?codasig=1610049,2,2026-05-10T08:56:55+00:00
http://alojawebapps.us.es/centrosdptos/pdi/pdi.php?pdi=2397,Dirección y Organización,http://alojawebapps.us.es/centrosdptos/titulaciones/asignatura.php?codasig=2290035,3,2026-05-10T08:56:55+00:00
http://alojawebapps.us.es/centrosdptos/pdi/pdi.php?pdi=2397,Gestión de la Excelencia y Turismo,http://alojawebapps.us.es/centrosdptos/titulaciones/asignatura.php?codasig=50630015,4,2026-05-10T08:56:55+00:00
http://alojawebapps.us.es/centrosdptos/pdi/pdi.php?pdi=2397,Trabajo Fin de Máster,http://alojawebapps.us.es/centrosdptos/titulaciones/asignatura.php?codasig=50630035,5,2026-05-10T08:56:55+00:00
http://alojawebapps.us.es/centrosdptos/pdi/pdi.php?pdi=5338,Plan de Empresa,http://alojawebapps.us.es/centrosdptos/titulaciones/asignatura.php?codasig=1510045,1,2026-05-10T08:56:55+00:00
http://alojawebapps.us.es/centrosdptos/pdi/pdi.php?pdi=5338,Prácticas en Empresas,http://alojawebapps.us.es/centrosdptos/titulaciones/asignatura.php?codasig=1510046,2,2026-05-10T08:56:55+00:00
http://alojawebapps.us.es/centrosdptos/pdi/pdi.php?pdi=5338,Trabajo Fin de Grado,http://alojawebapps.us.es/centrosdptos/titulaciones/asignatura.php?codasig=1510048,3,2026-05-10T08:56:55+00:00
http://alojawebapps.us.es/centrosdptos/pdi/pdi.php?pdi=5338,Introducción a la Economía de la Empresa (Organización),http://alojawebapps.us.es/centrosdptos/titulaciones/asignatura.php?codasig=1800006,4,2026-05-10T08:56:55+00:00
http://alojawebapps.us.es/centrosdptos/pdi/pdi.php?pdi=5338,Prácticas,http://alojawebapps.us.es/centrosdptos/titulaciones/asignatura.php?codasig=1800046,5,2026-05-10T08:56:55+00:00
http://alojawebapps.us.es/centrosdptos/pdi/pdi.php?pdi=5338,Trabajo Fin de Grado,http://alojawebapps.us.es/centrosdptos/titulaciones/asignatura.php?codasig=1800048,6,2026-05-10T08:56:55+00:00
http://alojawebapps.us.es/centrosdptos/pdi/pdi.php?pdi=5338,Diseño Organizativo en Empresas Internacionales,http://alojawebapps.us.es/centrosdptos/titulaciones/asignatura.php?codasig=50850024,7,2026-05-10T08:56:55+00:00
http://alojawebapps.us.es/centrosdptos/pdi/pdi.php?pdi=5338,Trabajo Fin de Master,http://alojawebapps.us.es/centrosdptos/titulaciones/asignatura.php?codasig=50850021,8,2026-05-10T08:56:55+00:00
http://alojawebapps.us.es/centrosdptos/pdi/pdi.php?pdi=5338,Dirección y Administración de Empresas de Edificación,http://alojawebapps.us.es/centrosdptos/titulaciones/asignatura.php?codasig=50860022,9,2026-05-10T08:56:55+00:00
http://alojawebapps.us.es/centrosdptos/pdi/pdi.php?pdi=5338,Recommendation and Personalization Systems,http://alojawebapps.us.es/centrosdptos/titulaciones/asignatura.php?codasig=52340026,10,2026-05-10T08:56:55+00:00
http://alojawebapps.us.es/centrosdptos/pdi/pdi.php?pdi=5811,Dirección Comercial,http://alojawebapps.us.es/centrosdptos/titulaciones/asignatura.php?codasig=1510023,1,2026-05-10T08:56:56+00:00
http://alojawebapps.us.es/centrosdptos/pdi/pdi.php?pdi=5811,Prácticas en Empresas,http://alojawebapps.us.es/centrosdptos/titulaciones/asignatura.php?codasig=1510046,2,2026-05-10T08:56:56+00:00
http://alojawebapps.us.es/centrosdptos/pdi/pdi.php?pdi=5811,Trabajo Fin de Grado,http://alojawebapps.us.es/centrosdptos/titulaciones/asignatura.php?codasig=1510048,3,2026-05-10T08:56:56+00:00
http://alojawebapps.us.es/centrosdptos/pdi/pdi.php?pdi=5811,Trabajo Fin de Grado,http://alojawebapps.us.es/centrosdptos/titulaciones/asignatura.php?codasig=1860063,4,2026-05-10T08:56:56+00:00
http://alojawebapps.us.es/centrosdptos/pdi/pdi.php?pdi=5811,Marketing,http://alojawebapps.us.es/centrosdptos/titulaciones/asignatura.php?codasig=2290041,5,2026-05-10T08:56:56+00:00
http://alojawebapps.us.es/centrosdptos/pdi/pdi.php?pdi=5811,Trabajo de Fin de Grado,http://alojawebapps.us.es/centrosdptos/titulaciones/asignatura.php?codasig=2290064,6,2026-05-10T08:56:56+00:00
http://alojawebapps.us.es/centrosdptos/pdi/pdi.php?pdi=5811,El Impacto de la Globalización de los Mercados en el Comportamiento del Consumidor,http://alojawebapps.us.es/centrosdptos/titulaciones/asignatura.php?codasig=50850025,7,2026-05-10T08:56:56+00:00
http://alojawebapps.us.es/centrosdptos/pdi/pdi.php?pdi=5811,Trabajo Fin de Master,http://alojawebapps.us.es/centrosdptos/titulaciones/asignatura.php?codasig=50850021,8,2026-05-10T08:56:56+00:00
http://alojawebapps.us.es/centrosdptos/pdi/pdi.php?pdi=5811,Estrategias de Marketing y Dirección Comercial,http://alojawebapps.us.es/centrosdptos/titulaciones/asignatura.php?codasig=52150006,9,2026-05-10T08:56:56+00:00
http://alojawebapps.us.es/centrosdptos/pdi/pdi.php?pdi=5811,Realización del TFM,http://alojawebapps.us.es/centrosdptos/titulaciones/asignatura.php?codasig=52150014,10,2026-05-10T08:56:56+00:00
http://alojawebapps.us.es/centrosdptos/pdi/pdi.php?pdi=4389,Investigación Comercial,http://alojawebapps.us.es/centrosdptos/titulaciones/asignatura.php?codasig=1860061,1,2026-05-10T08:56:57+00:00
http://alojawebapps.us.es/centrosdptos/pdi/pdi.php?pdi=4389,Trabajo Fin de Grado,http://alojawebapps.us.es/centrosdptos/titulaciones/asignatura.php?codasig=1860063,2,2026-05-10T08:56:57+00:00
http://alojawebapps.us.es/centrosdptos/pdi/pdi.php?pdi=4389,"Aprendizaje y Enseñanza de las Materias de Economía, Empresa y Comercio",http://alojawebapps.us.es/centrosdptos/titulaciones/asignatura.php?codasig=50440040,3,2026-05-10T08:56:57+00:00
http://alojawebapps.us.es/centrosdptos/pdi/pdi.php?pdi=4389,"Complementos de Formación Disciplinar en Economía, Empresa y Comercio",http://alojawebapps.us.es/centrosdptos/titulaciones/asignatura.php?codasig=50440041,4,2026-05-10T08:56:57+00:00
http://alojawebapps.us.es/centrosdptos/pdi/pdi.php?pdi=4389,"Prácticas Externas en Economía, Empresa y Comercio (en Centros de Secundaria)",http://alojawebapps.us.es/centrosdptos/titulaciones/asignatura.php?codasig=50440092,5,2026-05-10T08:56:57+00:00
http://alojawebapps.us.es/centrosdptos/pdi/pdi.php?pdi=4389,Trabajo Fin de Máster,http://alojawebapps.us.es/centrosdptos/titulaciones/asignatura.php?codasig=50440081,6,2026-05-10T08:56:57+00:00
http://alojawebapps.us.es/centrosdptos/pdi/pdi.php?pdi=4389,E-BUSINESS,http://alojawebapps.us.es/centrosdptos/titulaciones/asignatura.php?codasig=50850010,7,2026-05-10T08:56:57+00:00
http://alojawebapps.us.es/centrosdptos/pdi/pdi.php?pdi=4389,Trabajo Fin de Master,http://alojawebapps.us.es/centrosdptos/titulaciones/asignatura.php?codasig=50850021,8,2026-05-10T08:56:57+00:00
http://alojawebapps.us.es/centrosdptos/pdi/pdi.php?pdi=4389,Tendencias de Consumo,http://alojawebapps.us.es/centrosdptos/titulaciones/asignatura.php?codasig=52150019,9,2026-05-10T08:56:57+00:00
http://alojawebapps.us.es/centrosdptos/pdi/pdi.php?pdi=13651,Investigación de Mercados Turísticos,http://alojawebapps.us.es/centrosdptos/titulaciones/asignatura.php?codasig=1790030,1,2026-05-10T08:56:57+00:00
http://alojawebapps.us.es/centrosdptos/pdi/pdi.php?pdi=13651,Comunicación Comercial,http://alojawebapps.us.es/centrosdptos/titulaciones/asignatura.php?codasig=1800054,2,2026-05-10T08:56:57+00:00
http://alojawebapps.us.es/centrosdptos/pdi/pdi.php?pdi=13651,Distribución Comercial II,http://alojawebapps.us.es/centrosdptos/titulaciones/asignatura.php?codasig=1800027,3,2026-05-10T08:56:57+00:00
http://alojawebapps.us.es/centrosdptos/pdi/pdi.php?pdi=13651,Merchandising,http://alojawebapps.us.es/centrosdptos/titulaciones/asignatura.php?codasig=1800041,4,2026-05-10T08:56:57+00:00
http://alojawebapps.us.es/centrosdptos/pdi/pdi.php?pdi=13651,Investigación de Mercados Turísticos,http://alojawebapps.us.es/centrosdptos/titulaciones/asignatura.php?codasig=2600030,5,2026-05-10T08:56:57+00:00
http://alojawebapps.us.es/centrosdptos/pdi/pdi.php?pdi=14153,Introducción a la Economía de la Empresa (Organización),http://alojawebapps.us.es/centrosdptos/titulaciones/asignatura.php?codasig=1510007,1,2026-05-10T08:56:58+00:00
http://alojawebapps.us.es/centrosdptos/pdi/pdi.php?pdi=14153,Trabajo Fin de Grado,http://alojawebapps.us.es/centrosdptos/titulaciones/asignatura.php?codasig=1510048,2,2026-05-10T08:56:58+00:00
http://alojawebapps.us.es/centrosdptos/pdi/pdi.php?pdi=14153,Introducción a la Economía de la Empresa,http://alojawebapps.us.es/centrosdptos/titulaciones/asignatura.php?codasig=1560007,3,2026-05-10T08:56:58+00:00
http://alojawebapps.us.es/centrosdptos/pdi/pdi.php?pdi=14153,Introducción a la Economía de la Empresa (Organización),http://alojawebapps.us.es/centrosdptos/titulaciones/asignatura.php?codasig=2610007,4,2026-05-10T08:56:58+00:00
http://alojawebapps.us.es/centrosdptos/pdi/pdi.php?pdi=3601,Marketing de Servicios,http://alojawebapps.us.es/centrosdptos/titulaciones/asignatura.php?codasig=1800037,1,2026-05-10T08:56:59+00:00
http://alojawebapps.us.es/centrosdptos/pdi/pdi.php?pdi=3601,Prácticas,http://alojawebapps.us.es/centrosdptos/titulaciones/asignatura.php?codasig=1800046,2,2026-05-10T08:56:59+00:00
http://alojawebapps.us.es/centrosdptos/pdi/pdi.php?pdi=3601,Trabajo Fin de Grado,http://alojawebapps.us.es/centrosdptos/titulaciones/asignatura.php?codasig=1800048,3,2026-05-10T08:56:59+00:00
http://alojawebapps.us.es/centrosdptos/pdi/pdi.php?pdi=3601,Gestión de Marcas Internacionales,http://alojawebapps.us.es/centrosdptos/titulaciones/asignatura.php?codasig=50850015,4,2026-05-10T08:56:59+00:00
http://alojawebapps.us.es/centrosdptos/pdi/pdi.php?pdi=3601,Trabajo Fin de Master,http://alojawebapps.us.es/centrosdptos/titulaciones/asignatura.php?codasig=50850021,5,2026-05-10T08:56:59+00:00
http://alojawebapps.us.es/centrosdptos/pdi/pdi.php?pdi=3601,Marketing Digital,http://alojawebapps.us.es/centrosdptos/titulaciones/asignatura.php?codasig=52150011,6,2026-05-10T08:56:59+00:00
http://alojawebapps.us.es/centrosdptos/pdi/pdi.php?pdi=3601,Realización del TFM,http://alojawebapps.us.es/centrosdptos/titulaciones/asignatura.php?codasig=52150014,7,2026-05-10T08:56:59+00:00
http://alojawebapps.us.es/centrosdptos/pdi/pdi.php?pdi=4473,Introducción a la Economía de la Empresa (Organización),http://alojawebapps.us.es/centrosdptos/titulaciones/asignatura.php?codasig=1510007,1,2026-05-10T08:57:00+00:00
http://alojawebapps.us.es/centrosdptos/pdi/pdi.php?pdi=4473,Prácticas en Empresas,http://alojawebapps.us.es/centrosdptos/titulaciones/asignatura.php?codasig=1510046,2,2026-05-10T08:57:00+00:00
http://alojawebapps.us.es/centrosdptos/pdi/pdi.php?pdi=4473,Trabajo Fin de Grado,http://alojawebapps.us.es/centrosdptos/titulaciones/asignatura.php?codasig=1510048,3,2026-05-10T08:57:00+00:00
http://alojawebapps.us.es/centrosdptos/pdi/pdi.php?pdi=4473,Dirección Estratégica,http://alojawebapps.us.es/centrosdptos/titulaciones/asignatura.php?codasig=1800013,4,2026-05-10T08:57:00+00:00
http://alojawebapps.us.es/centrosdptos/pdi/pdi.php?pdi=4473,Trabajo Fin de Grado,http://alojawebapps.us.es/centrosdptos/titulaciones/asignatura.php?codasig=1800048,5,2026-05-10T08:57:00+00:00
http://alojawebapps.us.es/centrosdptos/pdi/pdi.php?pdi=4473,Introducción a la Economía de la Empresa,http://alojawebapps.us.es/centrosdptos/titulaciones/asignatura.php?codasig=2340006,6,2026-05-10T08:57:00+00:00
http://alojawebapps.us.es/centrosdptos/pdi/pdi.php?pdi=4473,Trabajo Fin de Grado,http://alojawebapps.us.es/centrosdptos/titulaciones/asignatura.php?codasig=2340076,7,2026-05-10T08:57:00+00:00
http://alojawebapps.us.es/centrosdptos/pdi/pdi.php?pdi=4473,Introducción a la Economía de la Empresa (Organización),http://alojawebapps.us.es/centrosdptos/titulaciones/asignatura.php?codasig=2610007,8,2026-05-10T08:57:00+00:00
